email_len,num_uppercase_words,num_exclamations,num_links,has_html,label
113,0,0,0,0,0
31,0,0,0,0,0
157,2,0,0,0,1
51,0,0,0,0,0
63,0,0,0,0,0
149,0,2,0,0,1
79,0,0,0,0,0
162,0,0,0,0,0
159,1,3,0,0,1
156,1,1,0,0,1
111,0,0,0,0,0
138,3,1,0,0,1
157,5,2,0,0,1
198,0,0,0,0,0
37,6,2,0,0,0
151,2,0,1,0,1
28,0,0,0,0,0
83,0,0,0,0,0
58,0,0,0,0,0
157,3,0,0,0,1
43,0,0,0,0,0
49,0,0,0,0,0
54,0,0,0,0,0
90,0,0,0,0,0
59,0,0,0,0,0
146,0,0,0,0,0
32,0,0,0,0,0
136,0,0,0,0,0
77,0,0,0,0,0
66,0,1,0,0,0
132,0,0,0,0,0
191,0,2,0,0,0
31,0,0,0,0,0
86,0,0,0,0,0
160,4,0,0,0,1
124,0,0,0,0,0
49,0,0,0,0,0
30,0,0,0,0,0
29,0,0,0,0,0
157,0,2,0,0,0
84,0,0,0,0,0
144,0,0,0,0,0
174,1,0,0,0,1
21,4,0,0,0,0
74,0,1,0,0,0
34,0,0,0,0,0
47,0,0,0,0,0
33,0,0,0,0,0
69,0,0,0,0,0
150,0,0,0,0,0
60,0,0,0,0,0
126,0,0,0,0,0
82,0,0,0,0,0
291,0,0,0,0,0
122,3,0,0,0,1
78,1,0,0,0,0
163,1,4,0,0,1
36,0,0,0,0,0
24,0,0,0,0,0
42,0,0,0,0,0
110,0,0,0,0,0
50,0,0,0,0,0
27,1,0,0,0,0
58,0,0,0,0,0
112,0,0,0,0,0
154,0,0,0,0,1
124,0,0,0,0,0
161,2,0,0,0,1
80,0,1,0,0,1
36,0,0,0,0,0
48,0,0,0,0,0
31,0,0,0,0,0
47,10,0,0,0,0
44,0,0,0,0,0
22,0,0,0,0,0
45,0,0,0,0,0
75,0,0,0,0,0
52,0,0,0,0,0
44,0,0,0,0,0
78,0,0,0,0,0
24,0,0,0,0,0
34,0,0,0,0,0
34,0,0,0,0,0
38,0,0,0,0,0
16,0,0,0,0,0
57,0,0,0,0,0
123,0,0,0,0,0
146,0,0,0,0,0
44,0,0,0,0,0
43,0,0,0,0,0
60,0,2,0,0,0
197,0,0,0,0,0
143,1,2,0,0,0
139,1,1,0,0,1
109,0,0,0,0,0
160,3,0,0,0,1
35,0,0,0,0,0
53,0,0,0,0,0
180,0,1,0,0,0
33,0,0,0,0,0
59,0,0,0,0,0
83,0,1,0,0,0
78,0,0,0,0,0
162,0,0,0,0,0
185,0,1,0,0,0
46,0,0,0,0,0
97,0,0,0,0,0
45,0,0,0,0,0
84,0,0,0,0,0
117,0,1,0,0,0
32,0,0,0,0,0
42,0,0,0,0,0
33,0,0,0,0,0
98,0,0,0,0,0
160,2,1,0,0,1
145,0,0,0,0,0
158,1,2,0,0,0
154,0,0,0,0,1
74,0,2,0,0,0
88,0,0,0,0,0
146,1,1,0,0,1
158,1,2,0,0,1
55,0,0,0,0,0
158,0,0,0,0,1
54,0,0,0,0,0
40,0,0,0,0,0
22,0,0,0,0,0
246,0,0,0,0,0
24,0,0,0,0,0
109,19,2,0,0,0
30,0,0,0,0,0
11,0,0,0,0,0
41,0,0,0,0,0
27,0,0,0,0,0
127,2,1,0,0,1
164,2,1,0,0,1
40,0,0,0,0,0
36,0,0,0,0,0
48,0,0,0,0,0
157,2,0,0,0,1
87,0,0,0,0,0
35,0,0,0,0,0
29,0,0,0,0,0
158,0,0,0,0,0
44,0,0,0,0,0
27,0,0,0,0,0
50,0,0,0,0,0
161,0,0,0,0,1
86,0,0,0,0,0
35,0,0,0,0,0
32,0,0,0,0,0
47,0,0,0,0,0
61,0,0,0,0,0
27,0,0,0,0,0
162,0,0,0,0,0
386,0,0,0,0,0
30,0,0,0,0,0
29,0,0,0,0,0
159,0,0,0,0,0
126,0,0,0,0,1
147,0,0,0,0,1
117,0,0,0,0,0
66,0,0,0,0,0
87,0,0,0,0,0
154,8,0,0,0,1
157,3,0,0,0,1
53,0,0,0,0,0
158,2,1,0,0,1
76,0,0,0,0,0
69,0,0,0,0,0
61,0,0,0,0,0
52,2,0,0,0,0
96,0,0,0,0,0
35,0,0,0,0,0
107,0,0,0,0,0
63,0,0,0,0,0
67,0,0,0,0,0
28,0,0,0,0,0
148,0,0,0,0,0
68,0,0,0,0,0
128,1,1,0,0,0
161,0,0,0,0,0
25,0,0,0,0,0
67,0,0,0,0,0
26,0,0,0,0,0
28,0,0,0,0,0
154,0,1,0,0,0
36,0,0,0,0,0
149,2,1,0,0,1
57,0,0,0,0,0
90,0,0,0,0,0
74,0,0,0,0,1
187,0,0,0,0,0
39,0,0,0,0,0
113,0,0,0,0,0
94,0,0,0,0,0
30,0,0,0,0,0
30,0,0,0,0,0
66,0,0,0,0,0
133,0,1,0,0,0
42,1,0,0,0,0
30,0,0,0,0,0
86,0,0,0,0,0
176,5,0,0,0,0
26,0,0,0,0,0
27,0,0,0,0,0
65,0,0,0,0,0
158,1,2,0,0,0
30,0,0,0,0,0
88,1,0,0,0,0
41,0,1,0,0,0
75,0,0,0,0,0
28,0,0,0,0,0
25,0,0,0,0,0
25,0,0,0,0,0
33,0,1,0,0,0
60,0,0,0,0,0
50,0,0,0,0,0
43,0,0,0,0,0
34,0,0,0,0,0
161,0,0,0,0,0
27,0,0,0,0,0
163,0,0,0,0,0
24,0,0,0,0,0
121,0,0,0,0,0
144,4,2,0,0,1
71,0,0,0,0,0
139,3,0,0,0,1
32,0,0,0,0,0
167,0,0,0,0,0
36,0,0,0,0,0
111,0,0,0,0,0
39,0,0,0,0,0
35,0,0,0,0,0
50,0,0,0,0,0
159,3,0,0,0,1
52,0,0,0,0,0
67,0,0,0,0,0
40,0,0,0,0,0
147,2,1,0,0,0
147,1,0,0,0,1
53,0,0,0,0,0
47,5,0,0,0,0
85,0,0,0,0,0
157,0,0,0,0,0
39,0,0,0,0,0
80,0,0,0,0,0
32,0,0,0,0,0
33,0,0,0,0,0
148,0,0,0,0,0
152,2,0,0,0,1
46,0,0,0,0,0
181,0,1,0,0,0
29,0,0,0,0,0
181,0,0,0,0,0
40,0,0,0,0,0
99,0,0,0,0,0
45,0,0,0,0,0
38,0,0,0,0,0
156,3,0,0,0,1
74,1,4,0,0,0
5,0,0,0,0,0
87,0,0,0,0,0
53,9,1,0,0,0
123,0,0,0,0,1
28,0,0,0,0,0
37,0,0,0,0,0
49,0,0,0,0,0
161,3,3,0,0,1
49,0,0,0,0,0
135,1,1,0,0,1
55,0,0,0,0,0
149,0,0,0,0,0
157,5,1,0,0,1
39,0,0,0,0,0
33,0,0,0,0,0
10,0,0,0,0,0
40,0,0,0,0,0
32,0,0,0,0,0
49,0,0,0,0,0
58,0,0,0,0,0
24,0,0,0,0,0
145,0,0,0,0,0
31,0,0,0,0,0
9,0,0,0,0,0
123,0,0,0,0,0
60,0,0,0,0,0
6,0,0,0,0,0
150,0,0,0,0,0
162,0,0,0,0,0
154,0,0,0,0,0
39,0,0,0,0,0
57,0,0,0,0,0
23,0,0,0,0,0
24,0,0,0,0,0
52,0,0,0,0,0
161,3,0,0,0,1
69,3,0,0,0,0
155,6,0,0,0,0
53,0,0,0,0,0
69,0,0,0,0,0
90,0,0,0,0,0
159,0,0,0,0,0
93,0,1,0,0,0
26,0,0,0,0,0
148,2,2,1,0,1
59,0,0,0,0,0
28,0,0,0,0,0
73,0,0,0,0,0
140,1,0,0,0,1
57,0,0,0,0,0
158,2,0,0,0,0
135,3,1,0,0,1
121,0,0,0,0,0
144,1,0,0,0,0
43,0,0,0,0,0
28,0,0,0,0,0
121,0,0,0,0,0
48,0,0,0,0,0
159,1,2,0,0,1
25,0,0,0,0,0
53,0,0,0,0,0
64,0,0,0,0,0
109,0,0,0,0,0
159,0,1,0,0,0
32,0,0,0,0,0
34,0,0,0,0,0
33,0,0,0,0,0
81,0,0,0,0,0
34,0,0,0,0,0
88,0,0,0,0,0
24,0,0,0,0,0
78,0,0,0,0,0
130,0,2,0,0,1
234,0,0,0,0,0
160,1,2,0,0,1
47,0,1,0,0,0
59,0,0,0,0,0
28,0,0,0,0,0
24,0,0,0,0,0
43,0,0,0,0,0
30,0,0,0,0,0
153,0,2,0,0,0
31,0,0,0,0,0
36,0,0,0,0,0
54,0,0,0,0,0
35,0,0,0,0,0
87,0,0,0,0,0
33,0,0,0,0,0
113,2,0,0,0,1
80,0,0,0,0,0
52,0,0,0,0,0
65,0,0,0,0,0
150,5,1,0,0,0
131,0,0,0,0,0
47,6,0,0,0,0
204,2,0,0,0,0
152,2,0,0,0,1
150,3,0,0,0,1
170,1,0,0,0,0
87,0,2,0,0,0
40,1,0,0,0,0
17,0,0,0,0,0
33,0,0,0,0,0
90,0,0,0,0,0
162,0,1,0,0,0
52,0,0,0,0,0
167,1,2,0,0,1
131,0,0,0,0,1
28,0,0,0,0,0
33,0,0,0,0,0
131,0,0,0,0,0
36,0,0,0,0,0
56,0,0,0,0,0
164,0,0,0,0,0
159,1,0,0,0,1
25,0,0,0,0,0
55,0,0,0,0,0
133,0,0,0,0,0
38,0,0,0,0,0
145,0,0,0,0,0
302,0,0,0,0,0
61,0,0,0,0,0
44,0,0,0,0,0
43,0,0,0,0,0
151,1,0,0,0,1
24,0,0,0,0,0
33,0,0,0,0,0
32,0,0,0,0,0
157,1,1,0,0,1
49,0,0,0,0,0
27,0,0,0,0,0
82,0,0,0,0,0
24,0,0,0,0,0
117,0,0,0,0,0
58,0,0,0,0,0
104,0,0,0,0,0
120,0,0,0,0,0
223,0,0,0,0,0
206,1,0,0,0,0
116,0,0,0,0,0
158,4,1,0,0,1
41,0,0,0,0,0
38,0,0,0,0,0
50,0,0,0,0,0
79,0,0,0,0,0
62,0,0,0,0,0
170,0,1,0,0,0
53,0,1,0,0,0
24,0,0,0,0,0
154,0,0,0,0,0
77,0,0,0,0,0
32,0,0,0,0,0
97,0,0,0,0,0
26,0,0,0,0,0
51,0,0,0,0,1
37,0,0,0,0,0
31,0,0,0,0,0
108,3,0,0,0,1
68,0,0,0,0,0
161,5,1,0,0,1
50,0,0,0,0,0
164,0,1,0,0,1
26,0,0,0,0,0
138,2,1,0,0,1
250,0,0,0,0,0
27,0,0,0,0,0
29,0,0,0,0,0
39,0,0,0,0,0
70,0,0,0,0,0
152,1,0,0,0,0
26,0,0,0,0,0
82,0,0,0,0,0
159,0,1,0,0,1
27,0,0,0,0,0
75,0,0,0,0,0
91,0,0,0,0,0
60,0,0,0,0,0
38,0,0,0,0,0
78,0,0,0,0,0
49,0,0,0,0,0
106,0,0,0,0,0
40,1,0,0,0,0
71,0,0,0,0,0
24,0,0,0,0,0
123,17,1,0,0,0
96,0,0,0,0,0
72,0,0,0,0,0
75,0,0,0,0,0
44,1,0,0,0,0
19,0,0,0,0,0
15,0,1,0,0,0
47,0,0,0,0,0
59,0,0,0,0,0
107,0,0,0,0,0
164,0,0,0,0,1
49,0,0,0,0,0
117,19,0,0,0,0
160,0,0,0,0,0
81,0,0,0,0,0
144,0,0,0,0,0
64,0,0,0,0,0
73,0,0,0,0,0
177,3,0,0,0,1
31,0,0,0,0,0
31,0,0,0,0,0
150,0,1,0,0,0
85,0,0,0,0,0
39,0,0,0,0,0
46,0,0,0,0,0
47,0,0,0,0,0
163,2,1,0,0,1
52,0,0,0,0,0
300,0,0,0,0,0
161,2,0,0,0,1
127,0,0,0,0,0
53,0,0,0,0,0
30,0,0,0,0,0
36,0,0,0,0,0
48,0,0,0,0,0
83,0,0,0,0,0
30,0,0,0,0,0
92,0,0,0,0,0
20,0,0,0,0,0
56,0,1,0,0,0
57,0,0,0,0,0
47,0,0,0,0,0
148,4,0,0,0,1
42,0,0,0,0,0
109,0,0,0,0,0
52,0,0,0,0,0
122,0,0,0,0,0
162,1,4,0,0,1
34,0,0,0,0,0
36,0,0,0,0,0
34,0,0,0,0,0
18,0,0,0,0,0
69,0,0,0,0,0
57,0,0,0,0,0
45,0,0,0,0,0
25,0,0,0,0,0
151,0,0,0,0,0
22,0,0,0,0,0
25,0,0,0,0,0
42,0,0,0,0,0
171,1,0,0,0,1
119,0,0,0,0,0
64,0,0,0,0,0
168,0,0,0,0,0
26,0,0,0,0,0
138,0,0,0,0,0
101,0,0,0,0,0
47,0,0,0,0,0
25,0,0,0,0,0
27,0,0,0,0,0
149,1,2,0,0,1
28,0,0,0,0,0
148,4,0,0,0,1
91,0,0,1,0,1
170,0,0,0,0,0
119,0,0,0,0,0
48,0,0,0,0,0
28,0,0,0,0,0
30,0,0,0,0,0
34,0,0,0,0,0
146,2,3,0,0,1
59,0,0,0,0,0
160,1,4,0,0,1
44,0,1,0,0,0
113,0,0,0,0,1
38,0,0,0,0,0
148,1,1,0,0,1
52,0,0,0,0,0
35,0,0,0,0,0
17,0,0,0,0,0
179,0,0,0,0,0
162,0,1,0,0,0
65,0,0,0,0,0
86,0,0,0,0,0
86,2,0,0,0,0
59,0,0,0,0,0
98,0,0,0,0,1
171,1,0,0,0,0
78,0,0,0,0,0
49,0,0,0,0,0
132,0,0,0,0,0
25,0,0,0,0,0
151,0,0,0,0,0
34,0,0,0,0,0
24,0,0,0,0,0
103,1,0,0,0,0
283,0,0,0,0,0
56,0,0,0,0,0
122,0,0,0,0,0
140,0,0,0,0,0
129,0,0,0,0,0
68,0,0,0,0,0
42,0,0,0,0,0
42,0,0,0,0,0
72,0,1,0,0,0
162,0,0,0,0,0
28,0,0,0,0,0
34,0,0,0,0,0
53,0,0,0,0,0
161,2,1,0,0,1
148,0,0,0,0,0
105,0,0,0,0,0
47,1,0,0,0,0
144,0,0,0,0,0
94,0,3,0,0,0
28,5,0,0,0,0
136,0,0,0,0,0
39,0,0,0,0,0
24,0,0,0,0,0
24,0,0,0,0,0
35,0,0,0,0,0
71,0,1,0,0,1
111,0,0,0,0,0
37,0,0,0,0,0
101,0,0,0,0,1
142,0,0,0,0,0
52,0,0,0,0,0
48,0,0,0,0,0
151,0,0,0,0,1
65,0,0,0,0,0
97,1,0,0,0,0
71,0,0,0,0,0
112,0,0,0,0,0
55,0,0,0,0,0
29,0,0,0,0,0
36,0,0,0,0,0
128,2,0,0,0,1
144,2,1,0,0,1
150,1,1,0,0,1
26,0,0,0,0,0
149,0,3,0,0,0
26,0,1,0,0,0
31,0,0,0,0,0
88,1,1,0,0,1
89,0,0,0,0,0
40,0,0,0,0,0
106,0,0,0,0,0
61,0,0,0,0,0
40,0,0,0,0,0
40,0,0,0,0,0
24,0,0,0,0,0
27,0,0,0,0,0
137,13,3,0,0,1
89,0,0,0,0,0
21,0,0,0,0,0
68,0,0,0,0,0
142,3,1,0,0,1
158,0,0,0,0,0
24,0,0,0,0,0
109,20,0,0,0,0
67,0,0,0,0,0
149,0,0,0,0,0
139,0,0,0,0,0
27,0,0,0,0,0
61,0,0,0,0,0
105,0,0,0,0,0
39,0,0,0,0,0
60,0,0,0,0,0
89,17,0,0,0,0
60,0,0,0,0,0
125,0,0,0,0,0
69,0,0,0,0,0
68,0,0,0,0,0
104,0,0,0,0,0
132,3,0,0,0,1
150,0,0,0,0,1
37,0,0,0,0,0
10,0,1,0,0,0
64,0,0,0,0,0
58,0,0,0,0,0
145,2,0,1,0,1
22,0,0,0,0,0
102,0,1,0,0,0
51,0,0,0,0,0
38,0,0,0,0,0
55,0,0,0,0,0
90,0,0,0,0,0
135,0,3,0,0,0
38,0,0,0,0,0
39,0,0,0,0,0
125,0,1,0,0,0
94,0,0,0,0,0
82,0,0,0,0,0
138,1,1,0,0,1
37,0,0,0,0,0
99,1,1,0,0,1
68,0,1,0,0,0
121,0,1,0,0,0
67,0,1,0,0,0
28,0,0,0,0,0
30,0,0,0,0,0
47,0,0,0,0,0
159,0,0,0,0,0
38,0,0,0,0,0
96,0,0,0,0,0
61,0,0,0,0,1
142,0,0,0,0,0
24,0,0,0,0,0
58,0,0,0,0,0
45,0,0,0,0,0
63,0,1,0,0,0
58,0,0,0,0,0
56,0,0,0,0,0
39,1,0,0,0,0
27,0,1,0,0,0
23,0,0,0,0,0
38,0,1,0,0,0
95,4,3,0,0,1
155,6,1,0,0,1
155,1,0,0,0,0
48,0,0,0,0,0
36,0,0,0,0,0
82,0,1,0,0,0
71,0,0,0,0,0
26,0,0,0,0,0
110,0,0,0,0,0
48,0,1,0,0,0
31,0,0,0,0,0
24,0,0,0,0,0
160,1,0,0,0,1
88,0,0,0,0,0
32,0,0,0,0,0
145,3,0,0,0,0
171,0,0,0,0,0
44,0,0,0,0,0
113,1,0,0,1,1
20,0,0,0,0,0
111,0,0,0,0,0
78,0,0,0,0,0
75,0,0,0,0,0
94,0,0,0,0,0
38,0,0,0,0,0
56,0,0,0,0,0
78,0,1,0,0,0
31,0,0,0,0,0
42,0,0,0,0,0
30,0,0,0,0,0
24,0,0,0,0,0
79,0,0,0,0,0
111,0,1,0,0,0
77,0,0,0,0,0
78,0,0,0,0,0
32,0,0,0,0,0
51,0,0,0,0,0
157,2,0,0,0,1
162,1,1,0,0,1
318,0,0,0,0,0
197,0,0,0,0,0
39,0,0,0,0,1
127,0,0,0,0,0
50,0,0,0,0,0
41,0,0,0,0,0
163,3,2,0,0,1
123,0,0,0,0,0
147,1,0,0,0,1
164,4,0,0,0,0
31,0,0,0,0,0
40,0,0,0,0,0
27,0,0,0,0,0
42,0,0,0,0,0
228,0,0,0,0,0
72,0,2,0,0,0
142,0,0,0,0,0
49,0,0,0,0,0
65,0,0,0,0,0
19,0,0,0,0,0
103,0,0,0,0,1
43,0,1,0,0,0
82,0,0,0,0,0
139,0,0,0,0,0
105,0,0,0,0,0
31,0,0,0,0,0
53,0,0,0,0,0
150,5,2,0,0,1
27,0,1,0,0,0
151,0,0,0,0,0
40,0,0,0,0,0
64,0,0,0,0,0
181,0,0,0,0,0
36,0,0,0,0,0
49,0,0,0,0,0
42,0,0,0,0,0
112,0,1,0,0,0
133,2,0,0,0,1
103,0,0,0,0,0
44,0,0,0,0,0
104,0,0,0,0,1
67,1,0,0,0,1
29,0,0,0,0,0
33,0,0,0,0,0
84,0,1,0,0,0
25,0,0,0,0,0
61,0,0,0,0,0
135,0,2,0,0,0
35,0,0,0,0,0
97,0,0,0,0,0
97,0,0,0,0,1
137,0,1,0,0,0
161,1,1,0,0,1
153,0,0,0,0,0
75,2,0,0,0,0
151,4,1,0,0,1
105,0,0,0,0,0
24,0,0,0,0,0
53,0,0,0,0,0
139,0,1,0,0,0
60,0,1,0,0,0
91,0,2,0,0,0
83,0,0,0,0,0
59,0,0,0,0,0
28,0,0,0,0,0
34,0,0,0,0,0
147,0,0,0,0,0
122,0,1,0,0,0
145,0,0,0,0,0
25,0,0,0,0,0
138,0,0,0,0,0
96,0,0,0,0,0
10,0,0,0,0,0
101,2,1,0,0,1
67,0,0,0,0,0
73,0,0,0,0,0
119,0,0,0,0,0
131,3,0,0,0,1
159,1,0,0,0,1
30,0,0,0,0,0
152,0,0,0,0,0
33,0,0,0,0,0
73,10,9,0,0,0
72,0,2,0,0,0
96,0,0,0,0,0
50,0,0,0,0,0
162,3,0,0,0,1
98,0,0,0,0,0
33,0,0,0,0,0
43,0,0,0,0,0
154,1,4,0,0,1
73,1,0,0,0,0
164,2,1,0,0,1
143,2,0,0,0,1
27,0,0,0,0,0
24,0,0,0,0,0
50,0,0,0,0,0
35,0,0,0,0,0
46,0,0,0,0,0
49,0,0,0,0,0
28,0,0,0,0,0
114,0,0,0,0,0
150,2,0,0,0,1
21,0,0,0,0,0
135,3,0,0,0,1
50,0,0,0,0,0
109,0,0,0,0,0
40,0,0,0,0,0
29,0,0,0,0,0
128,19,2,0,0,0
133,0,1,0,0,0
25,0,0,0,0,0
158,3,0,0,0,1
163,0,0,0,0,1
27,0,1,0,0,0
44,0,0,0,0,0
29,0,0,0,0,0
24,0,0,0,0,0
100,0,0,0,0,0
91,0,0,0,0,0
149,3,0,0,0,1
131,1,1,0,0,0
154,2,0,1,0,1
217,0,2,0,0,0
28,0,0,0,0,0
68,0,0,0,0,0
151,2,0,0,0,1
374,0,0,0,0,0
157,2,0,0,0,1
162,2,1,0,0,1
83,0,0,0,0,0
75,0,0,0,0,0
78,0,0,0,0,0
155,3,1,0,0,1
26,0,0,0,0,0
233,0,0,0,0,0
89,0,0,0,0,0
74,0,0,0,0,0
107,0,0,0,0,0
160,1,4,0,0,1
56,0,0,0,0,0
60,0,1,0,0,0
56,0,0,0,0,0
118,20,2,0,0,0
90,0,0,0,0,0
146,1,2,0,0,1
31,0,0,0,0,0
138,2,0,0,0,0
25,0,0,0,0,0
41,0,0,0,0,0
37,0,0,0,0,0
26,0,0,0,0,0
97,0,0,0,0,0
75,0,0,0,0,0
47,0,0,0,0,0
162,1,0,0,0,1
161,0,0,0,0,0
151,2,1,0,0,1
136,0,0,0,0,1
156,0,1,0,0,1
94,0,1,0,0,0
104,0,0,0,0,0
33,0,0,0,0,0
79,0,0,0,0,0
141,3,6,0,0,0
158,5,0,0,0,1
46,0,0,0,0,0
138,2,1,0,0,1
134,1,0,0,0,1
145,1,0,0,0,1
129,0,0,1,0,1
278,1,0,0,0,0
80,0,0,0,0,0
29,0,0,0,0,0
81,0,0,0,0,0
26,0,0,0,0,0
54,0,0,0,0,0
70,0,0,0,0,0
26,0,0,0,0,0
46,0,0,0,0,0
26,0,0,0,0,0
57,0,1,0,0,0
64,0,0,0,0,0
106,0,0,0,0,0
89,0,0,0,0,0
150,0,0,0,0,0
51,0,0,0,0,0
156,0,0,0,0,0
58,0,0,0,0,0
160,3,0,0,0,1
128,0,0,0,0,0
45,0,0,0,0,0
79,0,0,0,0,0
51,0,0,0,0,0
86,0,0,0,0,0
51,0,0,0,0,0
164,2,3,0,0,1
81,0,0,0,0,0
33,6,0,0,0,0
157,0,2,0,0,1
148,0,1,0,0,0
25,0,0,0,0,0
162,0,0,0,0,0
64,0,0,0,0,0
41,0,0,0,0,0
69,0,0,0,0,0
75,0,0,0,0,0
150,1,2,0,0,0
90,0,0,0,0,0
39,0,0,0,0,0
25,0,0,0,0,0
58,0,0,0,0,0
55,0,0,0,0,0
75,0,0,0,0,0
82,0,0,0,0,0
46,0,0,0,0,0
94,1,0,0,0,0
37,0,0,0,0,0
25,0,0,0,0,0
141,0,5,0,0,1
108,0,0,0,0,0
105,0,0,0,0,0
36,0,0,0,0,0
79,0,0,0,0,0
160,2,0,0,0,1
28,0,0,0,0,0
49,0,0,0,0,0
26,0,0,0,0,0
150,2,1,0,0,1
135,0,0,0,0,0
128,0,1,0,0,0
80,0,0,0,0,0
134,3,1,0,0,1
118,0,0,0,0,0
223,0,0,0,0,0
61,0,1,0,0,0
139,5,0,0,0,1
145,0,0,0,0,0
26,0,0,0,0,0
40,0,0,0,0,0
44,0,0,0,0,0
26,0,0,0,0,0
159,2,0,0,0,0
49,0,0,0,0,0
43,1,0,0,0,1
124,0,0,0,0,0
128,0,0,0,0,0
28,0,0,0,0,0
116,0,1,0,0,0
9,0,0,0,0,0
36,0,0,0,0,0
158,2,1,0,0,1
94,0,0,0,0,0
92,0,0,0,0,0
24,0,0,0,0,0
87,0,0,0,0,0
65,0,0,0,0,0
222,12,0,0,0,0
43,0,0,0,0,0
62,0,0,0,0,0
90,0,0,0,0,0
33,0,0,0,0,0
39,0,0,0,0,0
30,0,0,0,0,0
26,0,0,0,0,0
120,0,1,0,0,0
24,0,0,0,0,0
212,0,0,0,0,0
52,0,0,0,0,0
51,0,0,0,0,0
89,0,0,0,0,0
63,0,0,0,0,0
143,0,2,0,0,1
56,12,0,0,0,0
30,0,0,0,0,0
51,0,0,0,0,0
55,0,0,0,0,0
147,0,0,0,0,0
162,0,0,0,0,0
55,0,0,0,0,0
14,2,0,0,0,0
144,0,2,0,0,0
73,0,0,0,0,0
131,0,0,0,0,0
35,0,1,0,0,0
49,0,0,0,0,0
74,0,0,0,0,0
150,0,0,0,0,0
106,0,0,0,0,0
43,0,0,0,0,0
25,0,0,0,0,0
149,2,1,0,0,1
106,0,0,0,0,0
47,0,0,0,0,0
28,0,0,0,0,0
39,0,0,0,0,0
152,3,0,0,0,1
134,0,0,0,0,0
65,0,0,0,0,0
110,1,0,0,0,0
95,0,0,0,0,0
45,0,0,0,0,0
47,0,0,0,0,0
58,0,0,0,0,0
39,0,0,0,0,0
126,0,1,0,0,0
160,2,1,0,0,1
40,0,0,0,0,0
55,0,0,0,0,0
33,0,0,0,0,0
226,0,2,0,0,0
158,0,2,0,0,1
26,0,0,0,0,0
26,0,0,0,0,0
54,0,0,0,0,0
50,0,0,0,0,0
30,0,0,0,0,0
45,0,0,0,0,0
51,0,0,0,0,0
28,0,0,0,0,0
60,0,0,0,0,0
19,0,0,0,0,0
28,6,0,0,0,0
129,5,3,0,0,0
105,18,0,0,0,0
159,0,0,0,0,0
36,0,0,0,0,0
130,0,0,0,0,0
157,4,0,0,0,0
53,0,0,0,0,0
62,0,0,0,0,0
32,0,0,0,0,0
43,0,0,0,0,0
104,0,2,0,0,0
103,0,0,0,0,1
21,0,0,0,0,0
114,0,1,0,0,0
106,7,2,0,0,1
79,0,1,0,0,0
137,3,1,0,0,1
43,0,0,0,0,0
48,0,0,0,0,0
138,0,2,0,0,0
48,0,0,0,0,0
159,30,1,0,0,0
26,0,0,0,0,0
19,0,0,0,0,0
22,0,0,0,0,0
86,0,0,0,0,0
154,10,0,0,0,1
65,0,0,0,0,0
157,0,0,0,0,0
124,0,1,0,0,0
145,3,1,0,0,1
52,0,0,0,0,0
27,0,0,0,0,0
46,0,0,0,0,0
67,0,0,0,0,0
136,3,1,0,0,1
23,0,0,0,0,0
49,0,0,0,0,0
158,2,1,0,0,1
92,2,1,0,0,1
137,0,0,0,0,0
41,0,0,0,0,0
85,0,0,0,0,0
46,0,0,0,0,0
30,0,0,0,0,0
26,0,0,0,0,0
69,1,0,0,0,0
69,0,0,0,0,0
35,0,0,0,0,0
26,0,0,0,0,0
121,0,3,0,0,0
912,0,0,0,0,0
160,2,0,0,0,0
37,0,1,0,0,0
26,1,0,0,0,0
154,0,1,0,0,1
55,1,0,0,0,0
148,3,1,0,0,1
74,0,0,0,0,0
21,0,0,0,0,0
190,0,0,0,0,0
73,0,0,0,0,0
25,0,0,0,0,0
143,1,0,0,0,1
162,0,0,0,0,0
75,2,2,0,0,0
108,0,0,0,0,0
82,0,0,0,0,0
107,0,0,0,0,0
44,0,0,0,0,0
70,0,0,0,0,0
161,0,1,1,0,1
34,0,0,0,0,0
161,0,0,0,0,0
142,0,0,0,0,0
103,0,0,0,0,0
33,0,0,0,0,0
25,0,0,0,0,0
60,0,0,0,0,0
39,0,0,0,0,0
63,0,0,0,0,0
62,0,0,0,0,0
56,0,0,0,0,0
71,0,0,0,0,0
71,0,1,0,0,1
74,0,0,0,0,0
158,3,1,0,0,1
42,0,0,0,0,0
155,1,0,0,0,1
38,0,0,0,0,0
37,0,1,0,0,0
36,0,0,0,0,0
158,1,1,0,0,1
81,0,0,0,0,0
123,0,2,0,0,0
106,1,0,0,0,1
66,0,0,0,0,0
27,0,0,0,0,0
24,0,0,0,0,0
37,0,1,0,0,0
158,1,2,0,0,0
60,0,0,0,0,0
33,0,0,0,0,0
122,1,0,0,0,1
26,1,0,0,0,0
19,0,0,0,0,0
154,0,0,0,0,0
43,0,0,0,0,0
160,3,1,0,0,1
82,0,0,0,0,0
87,0,0,0,0,0
117,0,0,0,0,0
117,1,1,0,0,1
27,0,0,0,0,0
47,0,0,0,0,0
72,0,1,0,0,0
24,0,0,0,0,0
45,0,0,0,0,0
24,0,0,0,0,0
24,0,0,0,0,0
141,1,0,0,0,1
74,0,0,0,0,0
93,0,0,0,0,0
72,0,0,0,0,0
142,0,0,0,0,0
33,0,1,0,0,0
54,0,0,0,0,0
42,0,0,0,0,0
25,0,0,0,0,0
157,2,0,0,0,1
147,2,1,0,0,0
56,0,0,0,0,0
45,0,0,0,0,0
32,0,0,0,0,0
41,0,1,0,0,0
73,0,0,0,0,0
148,0,0,0,0,0
75,0,0,0,0,0
161,3,2,0,0,1
25,0,1,0,0,0
27,0,0,0,0,0
61,0,1,0,0,0
152,0,0,0,0,0
169,0,0,0,0,0
28,0,0,0,0,0
68,0,0,0,0,0
37,0,0,0,0,0
28,0,0,0,0,0
28,0,0,0,0,0
51,0,0,0,0,0
40,0,0,0,0,0
38,0,0,0,0,0
20,0,0,0,0,0
50,0,0,0,0,0
70,0,0,0,0,0
75,0,0,0,0,0
51,0,0,0,0,0
15,0,0,0,0,0
65,0,0,0,0,0
135,0,0,0,0,0
156,2,2,0,0,1
15,0,0,0,0,0
51,0,0,0,0,1
76,0,0,0,0,0
50,0,0,0,0,0
140,0,0,0,0,0
166,3,0,0,0,0
42,0,0,0,0,0
22,0,0,0,0,0
63,0,0,0,0,0
63,0,0,0,0,0
147,2,0,0,0,1
132,0,1,0,0,0
150,3,1,0,0,1
39,0,0,0,0,0
33,0,0,0,0,0
29,0,0,0,0,0
43,0,0,0,0,0
51,0,0,0,0,0
54,0,0,0,0,0
126,0,2,0,0,0
65,0,1,0,0,0
85,0,0,0,0,0
52,0,0,0,0,1
72,0,0,0,0,0
57,0,0,0,0,0
121,0,0,0,0,0
145,3,2,0,0,1
24,0,0,0,0,0
45,0,0,0,0,0
48,0,0,0,0,0
147,0,0,0,0,1
77,0,0,0,0,0
161,5,0,0,0,1
44,0,0,0,0,0
124,3,0,0,0,1
33,0,0,0,0,0
78,0,0,0,0,0
53,0,0,0,0,0
29,0,0,0,0,0
36,0,0,0,0,0
129,0,1,0,0,0
138,0,0,0,0,0
26,0,0,0,0,0
35,0,0,0,0,0
65,0,1,0,0,0
98,0,0,0,0,0
55,0,1,0,0,0
61,0,0,0,0,0
54,0,0,0,0,0
47,0,0,0,0,0
36,0,0,0,0,0
55,0,0,0,0,0
113,0,3,0,0,0
62,0,0,0,0,0
154,25,2,0,0,0
57,0,0,0,0,0
86,2,0,0,0,0
83,1,0,0,0,1
89,0,0,0,0,0
86,0,0,0,0,0
28,0,0,0,0,0
60,0,0,0,0,0
48,0,0,0,0,0
45,0,0,0,0,0
26,0,0,0,0,0
99,1,0,0,0,0
72,0,0,0,0,0
181,0,2,0,0,0
122,0,0,0,0,1
56,0,0,0,0,0
28,0,0,0,0,0
156,0,1,0,0,0
127,0,0,0,0,0
50,8,0,0,0,0
148,3,0,0,0,1
42,0,0,0,0,0
83,0,0,0,0,0
118,0,0,0,0,0
7,0,0,0,0,0
68,0,0,0,0,1
83,0,0,0,0,0
22,0,0,0,0,0
15,0,0,0,0,0
39,0,0,0,0,0
66,0,0,0,0,0
71,0,0,0,0,0
57,0,0,0,0,0
47,0,0,0,0,0
161,0,3,0,0,0
27,0,0,0,0,0
30,0,0,0,0,0
42,0,0,0,0,0
158,0,0,0,0,0
140,0,0,0,0,0
26,0,1,0,0,0
72,0,0,0,0,0
63,0,0,0,0,0
88,0,1,0,0,0
176,0,0,0,0,0
50,0,0,0,0,0
50,0,0,0,0,0
27,5,0,0,0,0
56,0,1,0,0,0
40,0,0,0,0,0
46,0,0,0,0,0
66,0,0,0,0,0
135,0,0,0,0,0
38,0,0,0,0,0
134,21,0,0,0,0
53,0,0,0,0,0
50,0,1,0,0,0
64,0,0,0,0,0
165,0,2,0,0,1
157,0,0,0,0,1
48,0,0,0,0,0
41,0,2,0,0,0
105,0,0,0,0,0
85,0,0,0,0,0
86,0,1,0,0,0
41,0,0,0,0,0
124,0,0,0,0,0
156,0,0,0,0,0
38,0,0,0,0,0
140,1,1,0,0,1
7,0,0,0,0,0
32,0,0,0,0,0
59,0,0,0,0,0
56,0,0,0,0,0
36,0,0,0,0,0
86,0,0,0,0,0
141,0,0,0,0,0
37,0,0,0,0,0
33,0,0,0,0,0
127,1,1,0,0,1
50,0,0,0,0,0
96,0,0,0,0,0
29,0,0,0,0,0
30,0,0,0,0,0
43,0,0,0,0,0
44,0,0,0,0,0
152,1,2,0,0,0
164,1,0,0,0,0
84,0,0,0,0,0
46,0,0,0,0,0
58,0,0,0,0,0
43,0,0,0,0,0
25,0,0,0,0,0
114,0,0,0,0,0
40,0,0,0,0,0
161,0,0,0,0,0
34,0,0,0,0,0
49,0,0,0,0,0
84,0,0,0,0,0
27,0,0,0,0,0
53,0,0,0,0,0
156,1,2,0,0,1
24,0,0,0,0,0
32,0,0,0,0,0
123,1,0,0,0,0
55,0,0,0,0,0
86,0,2,0,0,0
26,0,0,0,0,0
83,0,0,0,0,0
154,0,1,0,0,0
133,0,0,0,0,0
329,0,0,0,0,0
51,0,0,0,0,0
67,0,0,0,0,0
31,0,0,0,0,0
209,0,0,0,0,0
116,0,0,0,0,0
103,5,0,0,0,1
51,0,0,0,0,0
108,0,0,0,0,0
38,0,1,0,0,0
34,0,0,0,0,0
52,0,0,0,0,0
80,0,0,0,0,0
143,0,0,0,0,0
153,0,0,0,0,1
155,5,2,0,0,1
25,0,0,0,0,0
42,0,0,0,0,0
161,0,0,0,0,1
27,0,0,0,0,0
145,3,2,0,0,1
24,0,0,0,0,0
155,0,1,0,0,0
74,0,0,0,0,0
205,0,0,0,0,0
326,2,1,0,0,0
117,0,0,0,0,0
29,0,0,0,0,0
141,0,2,0,0,0
48,0,0,0,0,0
117,0,0,0,0,0
157,0,0,0,0,0
37,0,0,0,0,0
84,0,0,0,0,0
9,0,0,0,0,0
38,0,0,0,0,0
75,0,1,0,0,0
26,0,0,0,0,0
51,0,0,0,0,0
50,0,0,0,0,0
157,3,0,0,0,0
95,0,0,0,0,0
101,0,0,0,0,0
157,3,0,0,0,0
50,0,1,0,0,0
44,0,0,0,0,0
26,0,0,0,0,0
165,26,1,0,0,1
32,0,0,0,0,0
46,0,0,0,0,0
26,0,0,0,0,0
36,0,0,0,0,0
146,0,0,0,0,0
181,0,1,0,0,0
145,3,1,0,0,1
54,0,0,0,0,0
84,0,0,0,0,0
41,0,0,0,0,0
82,0,0,0,0,0
37,0,0,0,0,0
82,0,0,0,0,0
43,0,0,0,0,0
29,0,0,0,0,0
152,2,0,0,0,1
34,0,0,0,0,0
35,0,0,0,0,0
43,0,0,0,0,0
7,0,0,0,0,0
128,22,1,0,0,0
168,0,0,0,0,0
73,0,1,0,0,1
143,0,3,0,0,0
124,0,0,0,0,0
40,0,0,0,0,0
65,0,1,0,0,0
49,0,0,0,0,0
24,0,0,0,0,0
117,0,1,0,0,0
73,0,0,0,0,0
36,0,0,0,0,0
74,0,0,0,0,0
134,4,0,0,0,0
28,0,0,0,0,0
40,0,0,0,0,0
142,2,0,0,0,1
27,0,0,0,0,0
29,0,0,0,0,0
161,0,0,0,0,0
105,0,1,0,0,0
143,1,0,0,0,1
15,0,0,0,0,0
27,0,0,0,0,0
66,0,1,0,0,0
35,0,0,0,0,0
25,0,0,0,0,0
54,0,0,0,0,0
161,3,1,0,0,1
106,0,0,0,0,0
155,2,0,0,0,1
151,0,0,0,0,0
83,0,0,0,0,1
146,0,0,0,0,0
53,0,1,0,0,0
154,3,4,0,0,1
113,0,0,0,0,0
133,0,0,0,0,0
160,6,2,0,0,1
176,5,0,0,0,0
44,0,0,0,0,0
162,1,0,0,0,1
153,2,0,0,0,0
39,0,0,0,0,0
63,1,0,0,0,0
74,0,0,0,0,0
95,0,0,0,0,0
143,0,0,0,0,0
87,0,1,0,0,0
80,0,0,0,0,0
35,0,0,0,0,0
92,0,0,0,0,0
149,0,0,0,0,0
35,0,0,0,0,0
34,0,0,0,0,0
7,0,0,0,0,0
151,0,0,0,0,0
24,0,0,0,0,0
134,0,0,0,0,0
156,0,1,0,0,0
33,0,0,0,0,0
53,0,0,0,0,0
20,0,0,0,0,0
174,0,1,0,0,0
132,2,0,0,0,1
78,0,0,0,0,0
80,0,1,0,0,0
114,0,0,0,0,0
60,0,0,0,0,0
160,0,0,0,0,0
62,1,0,0,0,0
156,0,0,0,0,0
156,4,0,0,0,1
36,1,0,0,0,0
124,5,0,0,0,1
28,0,0,0,0,0
33,0,0,0,0,0
28,0,0,0,0,0
66,0,0,0,0,0
123,2,0,0,0,1
181,0,1,0,0,0
58,0,0,0,0,0
150,0,0,0,0,0
92,0,0,0,0,0
112,0,0,0,0,0
460,0,0,0,0,0
38,0,1,0,0,0
30,0,0,0,0,0
35,0,0,0,0,0
53,0,0,0,0,0
159,0,0,0,0,1
47,0,0,0,0,0
39,0,0,0,0,0
160,3,3,0,0,1
41,0,0,0,0,0
98,0,0,0,0,0
17,0,0,0,0,0
31,0,0,0,0,0
34,0,0,0,0,0
154,0,1,0,0,0
31,0,0,0,0,0
38,0,0,0,0,0
56,0,0,0,0,0
31,0,0,0,0,0
49,0,3,0,0,0
174,0,0,0,0,0
34,0,0,0,0,0
24,0,0,0,0,0
152,2,0,0,0,1
93,0,2,0,0,0
55,0,0,0,0,0
26,0,0,0,0,0
123,0,0,0,0,0
38,0,0,0,0,0
214,7,0,0,0,0
27,0,0,0,0,0
158,1,0,0,0,1
61,0,0,0,0,0
157,0,1,0,0,0
39,0,0,0,0,0
81,0,0,0,0,0
26,0,0,0,0,0
52,0,0,0,0,0
77,0,0,0,0,0
43,0,0,0,0,0
10,0,0,0,0,0
38,0,0,0,0,0
33,0,0,0,0,0
75,0,0,0,0,0
129,0,0,0,0,0
16,0,0,0,0,0
99,0,0,0,0,0
125,0,0,0,0,0
94,0,0,0,0,0
65,0,0,0,0,0
60,0,0,0,0,0
48,0,0,0,0,0
28,0,0,0,0,0
145,0,0,0,0,0
31,0,0,0,0,0
33,0,0,0,0,0
158,2,0,0,0,0
39,0,0,0,0,0
65,0,0,0,0,0
35,0,0,0,0,0
147,3,0,0,0,1
151,7,3,0,0,1
106,0,0,0,0,0
60,0,0,0,0,0
64,0,0,0,0,0
186,0,0,0,0,0
613,0,0,0,0,0
63,0,1,0,0,0
64,0,0,0,0,0
66,0,0,0,0,0
49,0,0,0,0,0
94,0,0,0,0,0
24,0,0,0,0,0
340,0,0,0,0,0
88,0,0,0,0,0
161,1,0,0,0,0
32,0,0,0,0,0
107,0,0,0,0,0
150,0,3,0,0,0
32,0,0,0,0,0
54,0,0,0,0,0
138,1,1,0,0,1
154,0,2,0,0,0
45,0,0,0,0,0
147,0,0,0,0,1
145,2,1,0,0,1
37,0,0,0,0,0
49,0,0,0,0,0
27,0,0,0,0,0
129,0,0,0,0,0
27,0,0,0,0,0
145,0,1,0,0,0
130,3,0,0,0,0
26,0,0,0,0,0
45,0,0,0,0,0
101,0,0,0,0,0
154,0,0,0,0,0
39,0,0,0,0,0
34,0,0,0,0,0
5,0,0,0,0,0
155,1,2,0,0,1
30,0,0,0,0,0
57,0,1,0,0,0
30,0,0,0,0,0
123,0,0,0,0,0
31,0,0,0,0,0
117,0,0,0,0,0
41,0,0,0,0,0
156,0,2,0,0,0
150,1,0,0,0,0
134,1,0,0,0,1
44,0,0,0,0,0
73,0,0,0,0,1
158,0,0,0,0,0
27,0,0,0,0,0
148,2,2,0,0,1
43,0,1,0,0,0
85,0,1,0,0,0
47,0,0,0,0,0
75,0,0,0,0,0
160,0,1,0,0,0
49,0,0,0,0,0
163,9,0,0,0,1
161,0,0,0,0,0
167,0,0,0,0,0
157,2,0,0,0,1
39,0,0,0,0,0
162,1,1,0,0,1
43,0,0,0,0,0
138,0,0,0,0,0
26,0,0,0,0,0
37,6,2,0,0,0
27,0,0,0,0,0
33,0,0,0,0,0
38,0,0,0,0,0
132,0,1,0,0,0
158,1,0,0,0,0
32,6,0,0,0,0
120,0,0,0,0,0
84,0,0,0,0,0
124,2,0,0,0,1
147,0,0,0,0,0
75,2,0,0,0,0
24,0,0,0,0,0
92,0,0,0,0,0
63,0,0,0,0,0
148,3,2,0,0,1
30,0,0,0,0,0
44,0,0,0,0,0
77,0,1,0,0,0
161,0,0,0,0,1
29,0,0,0,0,0
15,0,0,0,0,0
131,0,0,0,0,0
75,0,0,0,0,0
90,0,0,0,0,0
29,1,0,0,0,0
149,0,0,0,0,0
13,0,1,0,0,0
25,0,0,0,0,0
159,2,1,0,0,1
75,1,0,0,0,1
27,0,0,0,0,0
146,0,0,0,0,0
52,0,1,0,0,0
42,0,0,0,0,0
158,0,1,0,0,0
124,0,0,0,0,0
20,0,0,0,0,0
8,0,0,0,0,0
128,25,1,0,0,0
48,0,0,0,0,0
32,0,0,0,0,0
37,0,0,0,0,0
174,0,0,0,0,1
116,1,0,0,0,1
34,0,0,0,0,0
25,0,0,0,0,0
127,2,1,0,0,1
44,0,0,0,0,0
101,0,1,0,0,0
98,0,0,0,0,0
74,0,0,0,0,0
74,0,0,0,0,0
78,0,0,0,0,0
62,0,0,0,0,0
150,0,0,0,0,1
7,0,0,0,0,0
33,0,0,0,0,0
79,0,0,0,0,0
35,0,1,0,0,0
27,0,0,0,0,0
128,0,0,0,0,0
70,0,0,0,0,0
77,0,2,0,0,0
70,0,0,0,0,0
146,0,0,0,0,0
61,0,0,0,0,0
62,0,0,0,0,0
51,0,1,0,0,0
68,0,0,0,0,0
147,4,1,0,0,1
26,0,0,0,0,0
60,0,0,0,0,0
109,0,1,0,0,0
140,7,1,0,0,1
55,0,0,0,0,0
75,0,0,0,0,0
151,0,0,0,0,0
138,0,0,0,0,0
65,0,1,0,0,0
159,0,0,0,0,0
41,0,0,0,0,0
69,0,0,0,0,0
131,25,3,0,0,0
26,0,0,0,0,0
138,0,0,0,0,0
36,0,0,0,0,0
29,0,0,0,0,0
57,0,0,0,0,0
29,0,0,0,0,0
225,2,0,0,0,1
41,0,0,0,0,0
38,0,0,0,0,0
25,0,0,0,0,0
53,0,0,0,0,0
36,0,0,0,0,0
36,0,0,0,0,0
160,4,1,0,0,1
76,0,1,0,0,0
146,24,1,0,0,0
34,0,1,0,0,0
157,0,1,0,0,1
161,0,1,0,0,0
88,0,0,0,0,0
34,0,0,0,0,0
168,0,0,0,0,0
24,5,0,0,0,0
28,0,0,0,0,0
94,0,0,0,0,0
39,0,0,0,0,0
48,0,0,0,0,0
64,0,0,0,0,0
41,0,0,0,0,0
52,0,0,0,0,0
37,0,0,0,0,0
23,0,0,0,0,0
109,0,0,0,0,0
40,0,0,0,0,0
207,0,0,0,0,0
160,1,0,0,0,0
69,1,0,0,0,0
144,5,2,0,0,1
123,0,0,0,0,0
164,4,0,0,0,1
28,0,0,0,0,0
70,0,0,0,0,0
125,0,0,0,0,0
63,0,0,0,0,0
35,0,0,0,0,0
158,0,2,0,0,0
43,0,0,0,0,0
52,0,0,0,0,0
43,0,0,0,0,0
35,1,1,0,0,1
156,1,0,0,0,1
153,2,0,0,0,0
164,0,0,0,0,1
156,6,1,0,0,1
24,0,0,0,0,0
55,0,0,0,0,0
64,0,0,0,0,0
161,1,0,0,0,0
36,0,0,0,0,0
153,1,1,0,0,0
28,0,0,0,0,0
29,0,0,0,0,0
54,0,0,0,0,0
102,0,0,0,0,0
163,0,0,0,0,0
134,1,2,0,0,1
41,0,0,0,0,0
34,0,0,0,0,0
160,0,0,0,0,0
122,0,0,0,0,0
44,0,0,0,0,0
48,0,0,0,0,0
46,0,0,0,0,0
125,0,0,0,0,0
26,0,0,0,0,0
30,0,0,0,0,0
36,0,0,0,0,0
31,0,0,0,0,0
49,0,1,0,0,0
157,0,0,0,0,1
49,0,0,0,0,0
116,0,0,0,0,0
39,0,0,0,0,0
66,0,0,0,0,0
84,0,0,0,0,0
124,0,0,0,0,0
26,0,0,0,0,0
91,21,0,0,0,0
69,0,0,0,0,0
46,0,0,0,0,0
35,0,2,0,0,0
30,0,0,0,0,0
39,0,0,0,0,0
78,0,0,0,0,0
152,0,0,0,0,0
47,0,0,0,0,0
86,0,0,0,0,0
26,0,0,0,0,0
121,0,3,0,0,0
334,0,0,0,0,0
82,0,0,0,0,0
26,0,0,0,0,0
153,1,3,0,0,1
36,0,0,0,0,0
67,0,2,0,0,0
29,0,0,0,0,0
26,0,0,0,0,0
55,0,0,0,0,0
30,0,1,0,0,0
24,0,0,0,0,0
25,0,0,0,0,0
163,1,0,0,0,1
193,0,1,0,0,0
77,0,0,0,0,0
25,0,0,0,0,0
29,0,0,0,0,0
39,0,0,0,0,0
42,0,0,0,0,0
95,0,0,0,0,0
109,0,3,0,0,0
160,4,0,0,0,1
54,0,0,0,0,0
73,0,0,0,0,0
55,0,0,0,0,0
53,0,0,0,0,0
156,2,1,0,0,1
100,0,0,0,0,0
91,0,0,0,0,0
52,0,0,0,0,0
165,11,0,0,0,0
137,0,0,0,0,0
34,0,0,0,0,0
43,0,0,0,0,0
60,0,0,0,0,0
52,0,0,0,0,0
792,1,0,0,0,0
36,0,0,0,0,0
37,0,0,0,0,0
102,0,0,0,0,0
46,0,0,0,0,0
185,0,2,0,0,0
73,0,0,0,0,0
32,0,0,0,0,0
36,0,0,0,0,0
77,0,0,0,0,0
57,0,0,0,0,0
117,1,0,0,0,1
86,1,1,0,0,1
157,5,1,0,0,1
35,0,0,0,0,0
99,0,1,0,0,0
35,6,0,0,0,0
134,1,0,0,0,1
66,0,0,0,0,0
24,0,0,0,0,0
34,0,0,0,0,0
130,0,0,0,0,0
47,0,1,0,0,0
64,0,0,0,0,0
157,3,1,0,0,1
154,2,1,0,0,1
87,0,0,0,0,0
34,0,0,0,0,0
91,0,1,0,0,0
65,0,0,0,0,0
165,22,0,0,0,1
30,0,0,0,0,0
158,1,0,0,0,1
43,1,0,0,0,0
112,0,0,0,0,0
55,0,0,0,0,0
33,0,0,0,0,0
29,0,0,0,0,0
81,0,0,0,0,0
24,0,0,0,0,0
42,0,0,0,0,0
145,1,0,0,0,1
61,0,0,0,0,0
56,0,0,0,0,0
86,0,0,0,0,0
17,3,0,0,0,0
108,0,0,0,0,0
32,0,0,0,0,0
110,0,0,0,0,0
94,0,0,0,0,0
89,0,0,0,0,0
18,0,0,0,0,0
160,3,0,0,0,1
53,0,0,0,0,0
52,0,0,0,0,0
65,0,0,0,0,0
36,0,0,0,0,0
162,0,0,0,0,0
31,0,0,0,0,0
43,0,0,0,0,0
70,0,0,0,0,0
93,0,0,0,0,0
4,0,0,0,0,0
68,0,0,0,0,0
137,0,2,0,0,0
32,0,1,0,0,0
146,0,1,0,0,1
143,2,0,0,0,1
37,0,0,0,0,0
37,0,0,0,0,0
27,0,0,0,0,0
25,0,0,0,0,0
34,0,0,0,0,0
78,0,0,0,0,0
66,0,0,0,0,0
135,0,0,0,0,0
57,0,1,0,0,0
161,0,0,0,0,1
126,0,0,0,0,0
162,3,1,0,0,1
48,0,0,0,0,0
122,0,0,0,0,0
74,0,0,0,0,0
58,0,0,0,0,0
56,0,0,0,0,0
51,0,0,0,0,0
53,0,0,0,0,0
31,0,0,0,0,0
39,0,0,0,0,0
69,0,0,0,0,0
43,0,0,0,0,0
94,0,0,0,0,0
32,0,0,0,0,0
70,0,0,0,0,0
48,0,0,0,0,0
89,0,0,0,0,0
97,0,0,0,0,0
25,0,0,0,0,0
158,0,2,0,0,1
36,1,0,0,0,0
76,0,0,0,0,1
61,0,0,0,0,0
160,6,1,0,0,0
75,0,0,0,0,0
78,0,0,0,0,0
67,0,0,0,0,0
60,0,0,0,0,0
133,2,0,0,0,1
16,0,0,0,0,0
29,0,0,0,0,0
143,0,1,0,0,0
55,0,0,0,0,0
54,0,0,0,0,0
33,0,0,0,0,0
41,0,0,0,0,0
105,2,1,0,0,1
85,0,0,0,0,0
36,0,1,0,0,0
24,0,0,0,0,0
91,0,0,0,0,0
63,0,0,0,0,0
152,1,0,0,0,0
155,2,1,0,0,1
125,0,0,0,0,0
26,0,0,0,0,0
34,0,0,0,0,0
24,0,0,0,0,0
51,0,0,0,0,0
110,21,0,0,0,0
121,2,1,0,0,0
131,0,0,0,0,1
36,0,0,0,0,0
40,0,0,0,0,0
28,0,0,0,0,0
34,0,0,0,0,0
153,19,0,0,0,0
119,0,0,0,0,0
47,1,0,0,0,0
57,0,0,0,0,0
40,0,0,0,0,0
145,1,1,0,0,1
82,0,0,0,0,0
56,1,0,0,0,0
64,0,0,0,0,0
54,0,0,0,0,0
83,0,0,0,0,0
38,0,0,0,0,0
433,0,0,0,0,0
64,0,0,0,0,0
377,1,0,0,0,0
160,1,0,0,0,0
120,3,2,0,0,1
54,0,0,0,0,0
140,0,2,0,0,0
44,0,0,0,0,0
65,0,0,0,0,0
24,0,0,0,0,0
40,0,0,0,0,0
52,0,0,0,0,0
85,0,0,0,0,0
159,3,0,0,0,1
86,0,0,0,0,0
41,0,0,0,0,0
76,0,1,0,0,0
55,0,0,0,0,0
96,0,1,0,0,0
40,0,0,0,0,0
40,0,0,0,0,0
77,0,0,0,0,0
64,0,0,0,0,0
61,0,0,0,0,0
25,5,0,0,0,0
39,0,0,0,0,0
47,0,0,0,0,0
53,0,0,0,0,0
26,0,0,0,0,0
45,0,0,0,0,0
125,0,0,0,0,0
45,0,0,0,0,0
37,0,0,0,0,0
48,0,0,0,0,0
157,1,1,0,0,1
37,0,0,0,0,0
61,0,0,0,0,0
34,0,0,0,0,0
52,0,0,0,0,0
29,0,0,0,0,0
42,0,0,0,0,0
39,0,0,0,0,0
86,0,0,0,0,0
154,2,2,0,0,1
127,0,0,0,0,0
47,0,0,0,0,0
34,0,0,0,0,0
54,0,0,0,0,0
41,0,0,0,0,0
34,0,0,0,0,0
54,0,0,0,0,0
42,0,0,0,0,0
98,0,5,0,0,0
33,0,0,0,0,0
160,4,4,0,0,1
278,0,1,0,0,0
52,0,0,0,0,0
28,0,0,0,0,0
38,0,0,0,0,0
101,0,0,0,0,0
164,9,0,0,0,1
151,3,1,0,0,1
46,0,0,0,0,0
25,0,0,0,0,0
163,2,1,0,0,1
65,0,0,0,0,0
62,0,0,0,0,0
43,0,0,0,0,0
135,0,1,0,0,0
32,2,1,0,0,1
29,0,0,0,0,0
44,0,0,0,0,0
42,0,0,0,0,0
19,0,0,0,0,0
83,0,0,0,0,0
40,0,0,0,0,0
50,0,0,0,0,0
37,0,0,0,0,0
140,0,2,0,0,0
157,6,3,0,0,1
365,0,0,0,0,0
42,0,0,0,0,0
49,0,0,0,0,0
156,0,0,0,0,0
161,1,4,0,0,1
146,1,1,0,0,1
33,0,0,0,0,0
13,0,0,0,0,0
46,0,0,0,0,0
90,0,0,0,0,0
161,4,0,0,0,1
49,0,0,0,0,0
66,0,0,0,0,0
26,0,0,0,0,0
97,0,0,0,0,0
136,0,0,0,0,0
25,0,0,0,0,0
34,0,0,0,0,0
177,0,1,0,0,0
156,1,2,0,0,1
40,0,0,0,0,0
37,0,0,0,0,0
149,0,0,0,0,0
159,0,0,0,0,1
53,0,0,0,0,0
163,2,1,0,0,1
109,0,1,0,0,0
40,0,0,0,0,0
62,0,0,0,0,0
161,3,0,0,0,1
39,0,0,0,0,0
159,0,0,0,0,0
187,1,1,0,0,0
30,0,0,0,0,0
171,1,0,0,0,1
159,2,0,0,0,0
81,0,0,0,0,0
42,0,0,0,0,0
115,0,0,0,0,0
32,0,1,0,0,0
44,0,0,0,0,0
43,0,0,0,0,0
115,0,0,0,0,0
139,1,0,0,0,1
384,0,0,0,0,0
89,0,0,0,0,0
51,0,0,0,0,0
29,0,1,0,0,0
30,0,0,0,0,0
28,0,0,0,0,0
51,0,0,0,0,0
41,0,0,0,0,0
40,0,0,0,0,0
33,0,0,0,0,0
163,1,5,0,0,0
156,1,1,0,0,1
163,2,1,0,0,1
27,0,0,0,0,0
156,0,0,0,0,0
24,0,0,0,0,0
36,0,1,0,0,0
47,0,0,0,0,0
72,0,0,0,0,0
79,1,0,0,0,0
34,0,0,0,0,0
52,0,0,0,0,0
32,0,0,0,0,0
116,1,0,0,0,0
590,4,5,0,0,0
116,0,0,0,0,0
149,2,1,0,0,1
116,0,0,0,0,0
52,0,0,0,0,0
143,0,0,0,0,0
160,0,2,0,0,0
58,0,0,0,0,0
31,0,0,0,0,0
41,0,0,0,0,0
34,0,0,0,0,0
39,0,0,0,0,0
158,5,0,0,0,1
163,21,0,0,0,0
31,0,0,0,0,0
50,0,0,0,0,0
61,0,0,0,0,0
31,0,0,0,0,0
26,0,0,0,0,0
33,0,0,0,0,0
39,0,0,0,0,0
195,1,0,0,0,0
47,0,0,0,0,0
156,0,1,0,0,0
5,0,0,0,0,0
34,1,0,0,0,0
133,0,0,0,0,0
54,0,0,0,0,0
144,0,0,0,0,0
106,0,0,0,0,0
45,0,0,0,0,0
154,2,0,0,0,1
74,0,0,0,0,0
107,0,0,0,0,0
56,0,0,0,0,0
110,0,1,0,0,0
79,0,0,0,0,0
44,0,0,0,0,0
132,2,0,0,0,0
44,0,0,0,0,0
24,0,0,0,0,0
32,0,0,0,0,0
40,0,0,0,0,0
56,0,0,0,0,0
56,3,0,0,0,0
68,0,0,0,0,0
67,0,1,0,0,0
95,0,0,0,0,0
134,0,0,0,0,0
160,3,4,0,0,1
114,0,0,0,0,0
161,3,2,0,0,1
24,0,0,0,0,0
70,0,0,0,0,0
121,0,2,0,0,0
60,0,0,0,0,0
62,0,0,0,0,0
56,0,0,0,0,0
47,0,0,0,0,0
68,1,0,0,0,0
69,0,0,0,0,0
79,0,1,0,0,0
156,1,0,0,0,1
78,0,0,0,0,0
79,0,0,0,0,0
177,0,0,0,0,0
158,0,0,0,0,1
78,0,0,0,0,0
104,0,0,0,0,0
41,0,0,0,0,0
34,0,0,0,0,0
32,0,0,0,0,0
110,0,0,0,0,0
143,0,0,0,0,0
132,0,0,0,0,0
60,0,0,0,0,0
30,0,0,0,0,0
79,0,0,0,0,0
162,0,2,0,0,0
90,0,0,0,0,0
129,0,0,0,0,0
112,0,0,0,0,0
53,0,0,0,0,0
32,0,0,0,0,0
27,0,0,0,0,0
98,0,0,0,0,0
66,0,0,0,0,0
25,0,0,0,0,0
72,0,0,0,0,0
183,0,1,0,0,1
161,2,1,0,0,1
33,0,0,0,0,0
158,0,0,0,0,1
115,0,0,0,0,0
112,0,0,0,0,0
38,0,0,0,0,0
30,0,0,0,0,0
25,0,0,0,0,0
157,0,0,0,0,0
56,0,0,0,0,0
41,0,0,0,0,0
156,0,0,0,0,0
38,0,0,0,0,0
157,1,1,0,0,1
66,0,0,0,0,0
38,0,0,0,0,0
162,3,0,0,0,1
73,0,0,0,0,0
53,0,0,0,0,0
123,3,0,0,1,1
19,0,0,0,0,0
35,3,0,0,0,1
24,0,0,0,0,0
28,0,0,0,0,0
146,0,0,0,0,0
65,0,0,0,0,0
24,0,0,0,0,0
91,0,0,0,0,0
44,0,1,0,0,0
30,0,0,0,0,0
137,0,2,0,0,0
80,0,0,0,0,0
35,0,0,0,0,0
28,0,0,0,0,0
54,0,0,0,0,0
31,0,0,0,0,0
35,0,0,0,0,0
25,0,1,0,0,0
87,0,0,0,0,0
103,0,0,0,0,0
112,0,0,0,0,0
29,0,0,0,0,0
161,1,0,0,0,1
60,9,0,0,0,0
46,0,0,0,0,0
28,0,1,0,0,0
93,0,0,0,0,0
50,0,0,0,0,1
127,25,0,0,0,0
185,1,0,0,1,1
27,0,0,0,0,0
71,0,0,0,0,0
162,1,4,0,0,1
73,0,0,0,0,0
50,0,0,0,0,0
30,0,0,0,0,0
68,0,0,0,0,0
129,0,0,0,0,0
64,0,0,0,0,0
28,0,0,0,0,0
147,2,0,0,0,1
162,2,0,0,0,1
80,0,0,0,0,0
153,2,0,0,0,1
159,3,2,0,0,1
116,0,0,0,0,1
25,0,0,0,0,0
87,0,0,0,0,0
36,0,0,0,0,0
43,0,0,0,0,0
136,0,0,0,0,0
27,0,0,0,0,0
32,0,0,0,0,0
47,0,0,0,0,0
7,0,0,0,0,0
25,0,0,0,0,0
95,0,0,0,0,0
9,0,0,0,0,0
26,0,0,0,0,0
131,0,0,0,0,0
168,3,4,0,0,1
47,0,0,0,0,0
67,0,0,0,0,0
50,0,0,0,0,0
20,0,0,0,0,0
26,0,0,0,0,0
35,0,0,0,0,0
27,0,0,0,0,0
53,0,0,0,0,0
96,0,2,0,0,0
71,1,0,0,0,0
27,0,0,0,0,0
109,0,0,0,0,0
53,0,0,0,0,0
67,0,0,0,0,0
162,2,0,0,0,1
143,0,0,0,0,0
9,0,0,0,0,0
43,0,0,0,0,0
69,0,0,0,0,0
32,0,0,0,0,0
39,0,0,0,0,0
49,0,0,0,0,0
38,0,0,0,0,0
121,0,0,0,0,1
31,0,0,0,0,0
84,1,0,0,0,1
38,0,0,0,0,0
283,2,4,0,0,0
29,0,0,0,0,0
54,0,0,0,0,0
68,0,0,0,0,0
151,2,0,0,0,1
123,0,0,0,0,0
58,0,0,0,0,0
94,0,0,0,0,0
163,4,1,0,0,1
68,0,0,0,0,0
45,0,0,0,0,0
160,3,0,0,0,1
129,0,1,0,0,0
45,0,0,0,0,0
448,0,0,0,0,0
101,0,0,0,0,0
90,0,0,0,0,0
105,0,0,0,0,0
159,2,1,0,0,1
26,0,0,0,0,0
97,9,4,0,0,0
76,0,0,0,0,0
111,3,2,0,0,1
160,0,0,0,0,0
484,0,0,0,0,0
55,0,0,0,0,0
121,0,0,0,0,0
33,0,0,0,0,0
24,0,1,0,0,0
24,0,0,0,0,0
163,0,1,0,0,1
40,0,0,0,0,0
24,0,0,0,0,0
91,1,0,0,0,0
68,0,0,0,0,0
193,0,0,0,0,0
29,6,0,0,0,0
69,0,0,0,0,0
106,0,1,0,0,0
98,0,0,0,0,0
40,0,0,0,0,0
42,0,0,0,0,0
27,0,0,0,0,0
26,5,0,0,0,0
28,0,0,0,0,0
41,1,1,0,0,0
154,2,2,0,0,1
56,0,0,0,0,0
75,0,0,0,0,0
82,0,0,0,0,0
23,0,0,0,0,0
150,0,5,0,0,0
446,1,0,0,0,0
43,0,0,0,0,0
101,1,1,0,0,0
35,0,0,0,0,0
29,0,0,0,0,0
160,3,1,0,0,1
118,0,0,0,0,0
26,0,0,0,0,0
77,0,0,0,0,0
49,0,0,0,0,0
83,0,0,0,0,0
117,1,0,0,0,0
154,3,0,0,0,1
54,0,0,0,0,0
85,0,0,0,0,0
43,0,0,0,0,0
24,0,0,0,0,0
48,0,0,0,0,0
59,0,6,0,0,0
159,1,2,0,0,1
47,0,0,0,0,0
69,0,0,0,0,0
154,3,0,0,0,1
28,0,0,0,0,0
102,0,0,0,0,0
55,0,0,0,0,0
631,2,0,0,0,0
237,0,0,0,0,0
28,0,0,0,0,0
116,0,0,0,0,0
123,2,0,0,0,1
47,0,0,0,0,0
80,0,0,0,0,0
53,0,0,0,0,0
84,0,1,0,0,0
30,0,0,0,0,0
87,0,0,0,0,0
48,0,2,0,0,0
185,0,0,0,0,0
24,0,0,0,0,0
107,0,0,0,0,0
30,0,0,0,0,0
27,0,0,0,0,0
25,0,0,0,0,0
76,0,0,0,0,0
52,0,0,0,0,0
30,0,0,0,0,0
46,0,0,0,0,0
90,0,0,0,0,0
27,0,0,0,0,0
31,0,0,0,0,0
41,0,0,0,0,0
48,0,0,0,0,0
66,0,0,0,0,0
17,0,0,0,0,0
128,0,0,0,0,0
107,0,0,0,0,0
51,0,0,0,0,0
32,0,0,0,0,0
25,0,0,0,0,0
86,0,0,0,0,0
69,0,0,0,0,0
16,0,0,0,0,0
70,0,0,0,0,0
39,0,0,0,0,0
161,1,4,0,0,1
27,0,0,0,0,0
86,0,1,0,0,0
31,0,0,0,0,0
24,0,0,0,0,0
203,0,0,0,0,0
139,0,0,0,0,0
118,3,0,0,0,1
169,2,1,0,0,1
35,0,0,0,0,0
103,0,3,0,0,0
47,0,0,0,0,0
126,1,0,0,0,0
86,0,0,0,0,0
44,0,0,0,0,0
80,0,0,0,0,0
72,0,0,0,0,0
123,0,0,0,0,0
83,0,0,0,0,0
44,0,1,0,0,0
247,3,0,0,0,0
68,0,0,0,0,0
141,0,0,0,0,0
151,1,2,0,0,1
169,2,0,0,0,0
53,0,0,0,0,0
57,0,0,0,0,0
32,0,0,0,0,0
38,0,0,0,0,0
30,0,0,0,0,0
308,1,1,0,0,0
204,0,0,0,0,0
162,0,1,0,0,0
38,0,0,0,0,0
22,0,0,0,0,0
8,0,0,0,0,0
7,0,0,0,0,0
152,0,0,0,0,0
75,0,0,0,0,0
21,0,0,0,0,0
155,0,0,0,0,0
160,2,0,0,0,1
47,1,0,0,0,0
56,0,1,0,0,0
24,0,0,0,0,0
24,0,0,0,0,0
69,1,0,0,0,0
44,0,0,0,0,0
181,0,0,0,0,0
24,0,0,0,0,0
82,0,0,0,0,0
24,0,0,0,0,0
101,3,0,0,0,1
165,11,0,0,0,0
48,0,0,0,0,0
160,0,1,0,0,0
34,0,0,0,0,0
73,0,0,0,0,0
36,0,0,0,0,0
106,0,0,0,0,0
11,0,0,0,0,0
97,0,0,0,0,0
31,0,0,0,0,0
157,0,0,0,0,0
26,0,0,0,0,0
43,0,0,0,0,0
108,0,0,0,0,0
34,0,0,0,0,0
114,0,1,0,0,0
49,0,0,0,0,0
29,0,0,0,0,0
32,0,0,0,0,0
291,4,0,0,0,0
82,0,0,0,0,0
72,0,0,0,0,0
103,0,0,0,0,1
124,0,1,0,0,0
61,0,0,0,0,0
60,0,0,0,0,0
22,0,0,0,0,0
29,0,0,0,0,0
36,0,0,0,0,0
33,0,0,0,0,0
158,6,1,0,0,1
68,0,0,0,0,0
72,1,0,0,0,1
67,0,0,0,0,0
97,0,0,0,0,0
34,0,0,0,0,0
25,0,0,0,0,0
38,0,0,0,0,0
57,0,0,0,0,0
142,0,0,0,0,0
146,0,0,0,0,0
32,0,0,0,0,0
30,0,0,0,0,0
85,0,0,0,0,0
42,0,0,0,0,0
34,0,0,0,0,0
55,0,1,0,0,0
118,0,0,0,0,0
162,0,1,0,0,1
155,0,1,0,0,1
38,0,1,0,0,0
38,0,0,0,0,0
39,0,0,0,0,0
56,0,0,0,0,0
48,0,0,0,0,0
135,2,0,0,0,1
67,0,0,0,0,0
132,7,4,0,0,1
39,0,0,0,0,0
41,0,0,0,0,0
46,0,0,0,0,0
84,0,0,0,0,0
25,0,0,0,0,0
157,0,0,0,0,0
155,2,2,0,0,1
155,0,0,0,0,0
46,0,0,0,0,0
119,0,0,0,0,0
57,0,0,0,0,0
126,0,1,0,0,0
138,2,1,0,0,1
111,0,0,0,0,0
67,0,0,0,0,0
18,0,0,0,0,0
52,0,0,0,0,0
48,0,0,0,0,0
6,0,0,0,0,0
37,0,0,0,0,0
99,0,1,0,0,0
59,0,0,0,0,0
136,23,1,0,0,0
58,11,0,0,0,0
64,0,2,0,0,0
27,0,0,0,0,0
40,0,0,0,0,0
48,0,0,0,0,0
156,0,0,0,0,1
34,0,0,0,0,0
51,0,0,0,0,0
245,0,0,0,0,0
44,0,0,0,0,0
43,0,0,0,0,0
53,0,0,0,0,0
83,0,3,0,0,0
175,1,0,0,1,1
11,0,0,0,0,0
138,0,1,0,0,0
11,0,0,0,0,0
27,0,0,0,0,0
29,0,0,0,0,0
108,4,0,0,0,1
47,0,0,0,0,0
117,0,0,0,0,0
67,0,0,0,0,0
141,0,2,0,0,0
30,0,1,0,0,0
155,4,4,0,0,1
32,4,0,0,0,0
55,0,0,0,0,0
61,0,0,0,0,0
46,0,0,0,0,0
28,0,1,0,0,0
87,0,0,0,0,0
25,0,0,0,0,0
29,0,0,0,0,0
49,0,0,0,0,0
148,1,2,0,0,1
51,0,1,0,0,0
128,1,1,0,0,0
34,0,0,0,0,0
24,0,0,0,0,0
109,0,0,0,0,0
48,0,2,0,0,0
98,0,0,0,0,0
159,0,0,0,0,0
52,0,0,0,0,0
65,0,0,0,0,0
31,0,0,0,0,0
89,0,0,0,0,0
29,0,0,0,0,0
35,0,2,0,0,0
35,0,0,0,0,0
29,0,0,0,0,0
28,0,0,0,0,0
7,0,0,0,0,0
35,0,0,0,0,0
36,0,0,0,0,0
132,0,0,0,0,1
167,2,1,0,0,1
31,0,0,0,0,0
32,0,0,0,0,0
142,0,1,0,0,0
36,0,0,0,0,0
164,2,1,0,0,1
132,0,0,0,0,1
119,0,0,0,0,0
47,0,0,0,0,0
29,0,0,0,0,0
155,0,0,0,0,0
43,0,1,0,0,0
138,0,11,0,0,0
58,0,1,0,0,0
66,0,0,0,0,0
52,0,0,0,0,0
138,0,0,0,0,1
446,1,0,0,0,0
29,0,0,0,0,0
108,0,0,0,0,0
68,0,0,0,0,0
56,0,0,0,0,0
159,2,1,0,0,1
90,0,0,0,0,0
6,0,0,0,0,0
56,0,0,0,0,0
58,0,0,0,0,0
155,6,0,0,0,1
29,0,0,0,0,0
160,2,1,0,0,1
97,0,0,0,0,0
97,1,1,0,0,0
54,0,0,0,0,0
82,0,0,0,0,0
65,0,0,0,0,0
26,3,0,0,0,1
75,0,0,0,0,0
167,3,1,0,0,0
171,0,2,0,0,0
59,0,0,0,0,0
58,0,0,0,0,0
158,2,1,0,0,1
115,0,0,0,0,0
52,0,0,0,0,0
162,6,2,0,0,1
25,1,0,0,0,0
26,0,0,0,0,0
120,0,0,0,0,1
181,0,1,0,0,0
103,0,0,0,0,0
56,0,0,0,0,0
98,0,0,0,0,0
61,0,1,0,0,0
168,0,0,0,0,0
16,0,0,0,0,0
137,3,1,0,0,1
48,0,0,0,0,0
11,0,0,0,0,0
48,0,0,0,0,0
86,0,1,0,0,0
73,0,0,0,0,0
21,0,0,0,0,0
46,0,0,0,0,0
48,0,0,0,0,0
37,0,0,0,0,0
153,1,0,0,0,1
167,2,1,0,0,1
30,0,0,0,0,0
55,0,0,0,0,0
84,0,0,0,0,0
27,0,0,0,0,0
50,0,0,0,0,0
31,0,0,0,0,0
43,0,0,0,0,0
101,0,0,0,0,0
57,0,0,0,0,0
24,0,0,0,0,0
17,0,0,0,0,0
160,3,1,0,0,1
121,0,1,0,0,0
156,0,0,0,0,0
27,0,0,0,0,0
30,0,0,0,0,0
31,0,0,0,0,0
30,0,0,0,0,0
91,0,0,0,0,0
58,0,0,0,0,0
55,0,0,0,0,0
39,0,0,0,0,0
28,0,0,0,0,0
131,0,0,0,0,0
71,0,0,0,0,0
23,0,0,0,0,0
91,0,0,0,0,0
39,0,0,0,0,0
39,0,0,0,0,0
104,0,0,0,0,0
44,0,0,0,0,0
65,0,0,0,0,0
52,1,0,0,0,0
165,11,0,0,0,0
202,0,1,0,0,0
43,0,0,0,0,0
157,1,1,0,0,1
40,0,1,0,0,0
28,0,0,0,0,0
143,0,0,0,0,1
31,0,0,0,0,0
18,0,0,0,0,0
25,0,0,0,0,0
126,0,0,0,0,1
48,0,0,0,0,0
33,0,0,0,0,0
30,0,0,0,0,0
120,0,0,0,0,0
125,2,0,0,0,1
31,0,0,0,0,0
65,0,0,0,0,0
108,0,0,0,0,0
123,0,0,0,0,0
46,0,0,0,0,0
24,0,0,0,0,0
24,0,0,0,0,0
118,0,0,0,0,0
80,0,0,0,0,0
59,0,0,0,0,0
45,0,0,0,0,0
128,1,0,0,0,1
118,0,0,0,0,0
59,0,0,0,0,0
47,0,0,0,0,0
144,2,0,0,0,0
34,0,0,0,0,0
71,1,0,0,0,0
81,0,0,0,0,0
151,0,0,0,0,0
65,0,0,0,0,0
157,0,0,0,0,0
31,0,0,0,0,0
147,0,0,0,0,0
35,4,1,0,0,1
24,0,0,0,0,0
34,0,0,0,0,0
12,0,0,0,0,0
160,1,2,0,0,1
63,0,1,0,0,0
59,0,0,0,0,0
38,0,0,0,0,0
54,0,0,0,0,0
165,11,0,0,0,0
135,0,0,0,0,0
57,0,0,0,0,0
59,0,0,0,0,0
70,0,0,0,0,0
162,8,0,0,0,1
125,0,0,0,0,0
113,0,0,0,0,0
138,1,0,0,0,1
39,0,0,0,0,0
154,0,0,0,0,1
76,0,0,0,0,0
49,0,0,0,0,0
159,3,1,0,0,1
11,0,0,0,0,0
151,0,2,0,0,0
46,0,0,0,0,0
162,5,1,0,0,1
25,0,0,0,0,0
28,0,0,0,0,0
37,0,1,0,0,0
112,5,0,0,0,1
31,0,0,0,0,0
133,1,0,0,0,0
30,0,0,0,0,0
25,0,0,0,0,0
54,0,0,0,0,0
55,0,0,0,0,0
133,1,10,0,0,0
13,0,0,0,0,0
29,0,0,0,0,0
90,0,0,0,0,0
168,0,0,0,0,0
44,0,0,0,0,0
34,0,0,0,0,0
159,1,4,0,0,1
590,4,5,0,0,0
153,10,0,0,0,1
76,0,0,0,0,0
41,0,0,0,0,0
28,0,0,0,0,0
59,0,0,0,0,0
55,0,1,0,0,0
96,0,0,0,0,0
278,4,2,0,0,0
84,0,0,0,0,0
162,0,0,0,0,0
153,1,1,0,0,0
62,0,0,0,0,0
53,0,0,0,0,0
54,0,0,0,0,1
140,0,1,0,0,0
106,0,0,0,0,0
77,0,0,0,0,0
31,0,0,0,0,0
144,0,0,0,0,0
42,0,0,0,0,0
168,0,0,0,0,0
154,10,0,0,0,1
132,0,0,0,0,0
17,0,1,0,0,0
33,0,0,0,0,0
54,0,0,0,0,0
236,0,0,0,0,0
52,0,0,0,0,0
105,0,0,0,0,0
142,4,0,0,0,1
27,0,0,0,0,0
154,1,4,0,0,1
51,0,0,0,0,0
49,0,0,0,0,0
29,0,0,0,0,0
79,0,0,0,0,0
29,0,0,0,0,0
36,0,1,0,0,0
24,0,0,0,0,0
97,0,0,0,0,0
24,0,0,0,0,0
56,0,0,0,0,0
69,0,0,0,0,0
75,0,0,0,0,0
58,0,0,0,0,0
34,0,0,0,0,0
27,0,0,0,0,0
165,2,2,0,0,1
67,0,0,0,0,0
45,0,0,0,0,0
123,0,0,0,0,0
57,1,0,0,0,0
141,5,0,0,0,1
124,0,0,0,0,0
29,0,0,0,0,0
143,27,0,0,0,0
111,0,0,0,0,0
111,2,1,0,0,0
8,1,0,0,0,0
144,0,0,0,0,0
138,2,1,0,0,1
48,0,0,0,0,0
34,0,0,0,0,0
91,0,0,0,0,0
66,1,0,0,0,0
150,4,1,0,0,1
79,0,0,0,0,0
49,0,0,0,0,0
44,0,0,0,0,0
31,0,0,0,0,0
39,0,0,0,0,0
87,0,2,0,0,0
49,0,0,0,0,0
35,0,0,0,0,0
25,0,0,0,0,0
69,0,0,0,0,0
34,0,0,0,0,0
33,0,0,0,0,0
27,0,0,0,0,0
13,0,0,0,0,0
130,0,0,0,0,0
35,0,0,0,0,0
32,0,0,0,0,0
185,1,0,0,0,0
158,0,0,0,0,0
49,0,0,0,0,0
34,0,0,0,0,0
137,1,1,0,0,0
103,0,0,0,0,0
61,0,0,0,0,0
45,0,0,0,0,0
50,0,0,0,0,1
97,0,0,0,0,0
144,0,1,0,0,0
40,0,0,0,0,0
102,0,0,0,0,1
329,0,0,0,0,0
31,0,2,0,0,0
38,0,0,0,0,0
89,0,0,0,0,0
37,0,0,0,0,0
64,0,0,0,0,0
34,0,0,0,0,0
26,0,0,0,0,0
121,1,2,0,0,1
114,0,0,0,0,0
59,0,0,0,0,0
28,0,0,0,0,0
112,0,0,0,0,0
149,3,0,0,0,1
149,0,1,0,0,0
34,0,0,0,0,0
153,0,0,0,0,0
44,5,2,0,0,0
32,0,0,0,0,0
137,0,0,0,0,1
96,0,0,0,0,0
30,0,0,0,0,0
166,3,0,0,0,0
40,0,0,0,0,0
48,0,0,0,0,0
25,0,0,0,0,0
318,0,0,0,0,0
67,0,1,0,0,0
26,0,1,0,0,0
44,0,0,0,0,0
47,0,1,0,0,0
56,0,0,0,0,0
28,0,0,0,0,0
62,0,0,0,0,0
161,2,2,0,0,1
143,0,0,0,0,0
153,2,0,0,0,0
37,0,0,0,0,0
34,0,0,0,0,0
145,1,2,0,0,0
61,0,0,0,0,0
108,1,1,0,0,1
98,0,0,0,0,0
32,0,0,0,0,0
149,3,2,0,0,1
128,0,0,0,0,0
124,5,0,0,0,1
43,0,0,0,0,0
32,0,0,0,0,0
159,0,0,0,0,0
73,0,0,0,0,0
114,0,0,0,0,0
45,0,0,0,0,0
16,0,0,0,0,0
51,0,0,0,0,0
49,0,0,0,0,0
136,1,1,0,0,1
44,0,0,0,0,0
28,0,0,0,0,0
112,5,0,0,0,1
25,0,0,0,0,0
32,0,0,0,0,0
110,0,1,0,0,0
164,0,0,0,0,1
112,0,0,0,0,1
121,2,0,0,0,0
39,0,0,0,0,0
77,0,0,0,0,0
154,6,0,0,0,1
48,0,0,0,0,0
53,0,0,0,0,0
463,6,0,0,0,0
129,0,0,0,0,0
46,0,0,0,0,0
36,0,0,0,0,0
74,0,0,0,0,0
32,0,0,0,0,0
29,0,0,0,0,0
50,0,0,0,0,0
92,0,0,0,0,0
52,0,0,0,0,0
49,0,0,0,0,0
24,0,0,0,0,0
43,0,0,0,0,0
39,0,0,0,0,0
175,0,0,0,0,0
97,0,0,0,0,0
71,0,0,0,0,0
29,0,0,0,0,0
49,0,0,0,0,0
95,0,0,0,0,0
34,0,0,0,0,0
48,0,0,0,0,0
65,0,0,0,0,0
75,2,0,0,0,0
297,1,1,0,0,0
41,0,0,0,0,0
122,0,1,0,0,0
44,0,1,0,0,0
171,0,0,0,0,0
103,0,0,0,0,0
34,0,0,0,0,0
152,0,2,0,0,0
42,0,0,0,0,0
87,0,0,0,0,0
4,0,0,0,0,0
133,0,1,0,0,0
51,0,0,0,0,0
34,0,0,0,0,0
31,0,0,0,0,0
154,10,0,0,0,1
26,0,1,0,0,0
76,0,0,0,0,0
143,0,1,1,0,1
244,0,0,0,0,0
42,0,0,0,0,0
68,0,1,0,0,0
27,0,0,0,0,0
149,0,0,0,0,1
28,0,0,0,0,0
29,0,0,0,0,0
123,1,2,0,0,1
25,0,0,0,0,0
40,0,0,0,0,0
35,0,0,0,0,0
57,0,0,0,0,0
48,0,0,0,0,0
24,0,0,0,0,0
44,0,0,0,0,0
37,0,0,0,0,0
55,0,0,0,0,0
114,0,0,0,0,0
41,0,0,0,0,0
40,0,0,0,0,0
131,0,0,0,0,0
69,0,0,0,0,0
149,0,0,0,0,0
63,0,0,0,0,0
40,0,0,0,0,0
84,0,0,0,0,0
17,0,0,0,0,0
155,0,0,0,0,0
44,0,0,0,0,0
157,0,3,0,0,0
52,0,0,0,0,0
54,0,0,0,0,0
142,14,1,0,0,1
56,0,0,0,0,0
51,0,0,0,0,0
69,0,0,0,0,0
141,0,0,0,0,0
112,0,0,0,0,0
39,0,0,0,0,0
42,0,0,0,0,0
27,0,0,0,0,0
115,0,0,0,0,0
30,0,0,0,0,0
50,0,0,0,0,0
60,0,0,0,0,0
68,0,0,0,0,0
28,0,0,0,0,0
299,0,0,0,0,0
150,0,0,0,0,0
151,0,0,0,0,0
156,0,0,0,0,0
114,1,2,0,0,1
80,0,0,0,0,0
37,0,0,0,0,0
33,0,0,0,0,0
72,0,0,0,0,0
34,0,0,0,0,0
37,0,1,0,0,0
25,0,0,0,0,0
78,0,0,0,0,0
26,0,1,0,0,0
43,0,1,0,0,0
50,0,0,0,0,0
145,1,0,0,0,1
61,0,0,0,0,0
55,0,0,0,0,0
141,5,1,0,0,1
21,0,0,0,0,0
53,0,1,0,0,0
124,1,1,0,0,0
55,0,0,0,0,0
24,0,0,0,0,0
158,0,2,0,0,1
157,0,3,0,0,0
27,0,0,0,0,0
41,0,0,0,0,0
121,0,3,0,0,0
106,0,0,0,0,0
47,0,0,0,0,0
20,0,0,0,0,0
21,0,0,0,0,0
146,11,1,0,0,1
32,0,0,0,0,0
93,0,0,0,0,0
158,0,1,0,0,0
47,0,0,0,0,0
44,0,0,0,0,0
120,18,0,0,0,0
115,0,1,0,0,0
140,19,2,0,0,0
40,0,0,0,0,0
45,0,1,0,0,0
31,0,0,0,0,0
147,4,1,0,0,1
63,2,0,0,0,0
162,3,0,0,0,1
7,0,0,0,0,0
35,0,0,0,0,0
43,0,0,0,0,0
62,9,0,0,0,0
46,0,0,0,0,0
34,0,0,0,0,0
89,0,2,0,0,0
68,0,0,0,0,0
153,1,0,0,0,1
150,5,1,0,0,0
58,0,0,0,0,0
103,5,0,0,0,1
150,1,2,0,0,0
57,0,0,0,0,0
37,0,1,0,0,0
33,0,0,0,0,0
40,0,0,0,0,0
61,0,0,0,0,0
116,1,0,1,0,1
29,0,0,0,0,0
160,4,1,0,0,1
56,0,0,0,0,0
32,0,0,0,0,0
35,0,0,0,0,0
94,0,0,0,0,0
61,0,2,0,0,0
162,0,0,0,0,0
132,2,3,0,0,0
113,0,0,0,0,0
54,0,1,0,0,0
67,11,0,0,0,0
61,1,0,0,0,0
25,0,0,0,0,0
155,2,1,0,0,1
43,0,0,0,0,0
138,0,0,0,0,0
148,4,1,0,0,1
37,0,0,0,0,0
71,0,0,0,0,0
70,0,2,0,0,0
70,0,0,0,0,0
51,0,0,0,0,0
98,0,1,0,0,0
48,0,0,0,0,0
49,0,0,0,0,0
52,0,0,0,0,0
30,0,0,0,0,0
112,0,0,0,0,0
99,0,0,0,0,0
48,0,0,0,0,0
92,0,0,0,0,0
15,0,0,0,0,0
43,0,0,0,0,0
67,0,0,0,0,0
136,0,0,0,0,0
147,1,0,0,0,0
133,23,2,0,0,0
35,0,0,0,0,0
16,0,0,0,0,0
107,0,0,0,0,0
44,0,0,0,0,0
160,2,1,0,0,1
42,1,0,0,0,0
49,0,0,0,0,0
82,0,2,0,0,0
74,0,0,0,0,0
159,0,0,0,0,1
152,0,2,0,0,0
35,0,0,0,0,0
35,0,0,0,0,0
34,0,0,0,0,0
283,0,1,0,0,0
46,0,0,0,0,0
138,3,1,0,0,1
144,5,0,0,0,1
104,0,0,0,0,0
36,0,0,0,0,0
75,0,0,0,0,0
151,0,1,0,0,0
21,0,0,0,0,0
24,0,0,0,0,0
94,0,0,0,0,0
88,0,0,0,0,0
30,0,0,0,0,0
42,0,0,0,0,0
134,0,0,0,0,0
49,0,0,0,0,0
68,0,0,0,0,0
65,0,0,0,0,0
149,0,2,0,0,0
49,0,0,0,0,0
153,0,0,0,0,0
39,0,0,0,0,0
43,0,0,0,0,0
34,0,0,0,0,0
26,0,0,0,0,0
29,0,0,0,0,0
52,0,0,0,0,0
37,0,0,0,0,0
40,0,0,0,0,0
43,9,0,0,0,0
120,0,0,0,0,0
59,0,1,0,0,0
117,0,0,0,0,0
158,3,2,0,0,1
53,0,0,0,0,0
84,0,0,0,0,0
31,0,0,0,0,0
25,0,0,0,0,0
74,0,0,0,0,0
175,0,0,0,0,1
74,0,0,0,0,0
35,0,0,0,0,0
113,0,0,0,0,0
36,0,0,0,0,0
88,0,0,0,0,0
52,0,0,0,0,1
123,3,0,0,0,0
63,1,0,0,0,0
16,0,0,0,0,0
122,0,0,0,0,0
80,0,0,0,0,0
52,0,0,0,0,0
29,0,0,0,0,0
446,1,0,0,0,0
81,0,0,0,0,0
85,0,0,0,0,0
64,0,0,0,0,0
35,0,0,0,0,0
70,14,0,0,0,0
109,0,0,0,0,0
39,0,0,0,0,0
134,0,0,0,0,0
141,2,1,0,0,1
107,0,1,0,0,1
71,0,0,0,0,0
85,0,0,0,0,0
40,0,0,0,0,0
116,0,0,0,0,0
153,3,0,0,0,0
81,0,0,0,0,0
82,0,0,0,0,0
159,0,0,0,0,1
136,1,1,0,0,1
160,6,1,0,0,0
37,0,0,0,0,0
42,2,0,0,0,1
167,0,0,0,0,0
44,0,0,0,0,0
155,23,4,0,0,0
322,0,1,0,0,0
95,19,0,0,0,0
150,0,1,0,0,0
52,0,0,0,0,0
73,0,0,0,0,0
57,0,0,0,0,0
160,31,1,0,0,0
56,0,0,0,0,0
115,0,0,0,0,0
72,0,0,0,0,0
148,4,0,0,0,1
79,0,0,0,0,0
74,0,0,0,0,0
35,0,0,0,0,0
34,0,0,0,0,0
93,0,0,0,0,0
24,0,0,0,0,0
150,0,1,0,0,0
147,1,0,0,0,0
128,0,0,0,0,0
30,0,0,0,0,0
54,0,0,0,0,0
38,0,0,0,0,0
128,0,0,0,0,0
49,0,0,0,0,0
29,0,0,0,0,0
43,0,0,0,0,0
130,0,0,0,0,0
142,0,1,0,0,1
85,0,0,0,0,0
43,0,0,0,0,0
30,0,0,0,0,0
36,7,0,0,0,0
41,0,0,0,0,0
56,2,8,0,0,0
92,0,0,0,0,0
37,0,0,0,0,0
36,0,0,0,0,0
93,0,0,0,0,0
54,0,0,0,0,0
47,0,0,0,0,0
56,0,0,0,0,0
79,0,0,0,0,0
24,0,0,0,0,0
24,0,1,0,0,0
370,0,0,0,0,0
30,0,0,0,0,0
84,0,0,0,0,0
56,0,0,0,0,0
70,0,2,0,0,0
31,0,0,0,0,0
117,0,0,0,0,0
69,0,0,0,0,0
98,0,0,0,0,0
80,0,0,0,0,1
27,0,0,0,0,0
106,0,0,0,0,0
46,0,0,0,0,0
20,0,0,0,0,0
49,0,0,0,0,0
24,0,0,0,0,0
33,0,0,0,0,0
41,0,0,0,0,0
42,0,0,0,0,0
71,0,0,0,0,0
81,0,0,0,0,0
119,0,0,0,0,0
40,0,0,0,0,0
67,0,1,0,0,0
25,0,0,0,0,0
5,0,0,0,0,0
153,0,0,0,0,0
60,0,0,0,0,0
26,0,0,0,0,0
33,0,0,0,0,0
35,0,0,0,0,0
151,3,1,0,0,1
56,0,0,0,0,0
62,0,0,0,0,0
162,3,0,0,0,1
11,0,0,0,0,0
73,0,1,0,0,0
30,0,0,0,0,0
43,0,0,0,0,0
31,0,0,0,0,0
83,1,0,0,0,1
36,0,0,0,0,0
33,0,0,0,0,0
13,0,0,0,0,0
131,1,0,0,0,0
13,0,0,0,0,0
128,1,1,0,0,1
30,0,0,0,0,0
49,0,0,0,0,0
61,0,0,0,0,0
154,0,0,0,0,1
33,0,0,0,0,0
143,0,2,0,0,0
46,0,0,0,0,0
64,0,0,0,0,0
24,0,0,0,0,0
84,11,1,0,0,0
160,1,0,0,0,0
159,0,0,0,0,1
122,0,2,0,0,0
133,2,0,0,0,0
42,0,0,0,0,0
54,0,0,0,0,0
36,0,0,0,0,0
25,0,0,0,0,0
31,0,0,0,0,0
50,0,0,0,0,0
40,0,0,0,0,0
138,1,1,0,0,1
159,2,0,0,0,1
154,0,0,0,0,1
66,2,1,0,0,1
162,1,1,0,0,1
159,2,0,0,0,1
162,1,0,0,0,1
33,0,0,0,0,0
88,0,0,0,0,0
36,0,0,0,0,0
58,0,0,0,0,0
195,0,0,0,0,0
36,0,0,0,0,0
126,3,0,0,0,0
108,0,1,0,0,1
154,1,0,0,0,0
67,0,0,0,0,0
105,0,0,0,0,0
53,0,0,0,0,0
31,0,0,0,0,0
27,0,0,0,0,0
80,0,0,0,0,0
32,0,0,0,0,0
141,3,1,0,0,1
155,0,0,0,0,1
137,0,0,0,0,0
46,0,1,0,0,0
91,1,0,0,0,0
144,0,0,0,0,0
51,0,0,0,0,0
56,0,0,0,0,0
21,0,0,0,0,0
36,0,0,0,0,0
109,0,0,0,0,0
26,0,0,0,0,0
276,0,0,0,0,0
120,0,0,0,0,0
160,0,0,0,0,0
30,0,0,0,0,0
129,0,0,0,0,0
54,0,0,0,0,0
155,1,0,0,0,1
133,0,0,0,0,0
157,0,0,0,0,0
103,0,0,1,0,1
75,0,0,0,0,0
10,0,0,0,0,0
59,0,0,0,0,0
108,0,0,0,0,0
158,2,1,0,0,1
58,0,1,0,0,0
51,0,0,0,0,0
29,0,0,0,0,0
178,0,0,0,0,0
92,0,1,0,0,0
33,0,0,0,0,0
40,0,0,0,0,0
158,0,0,0,0,0
68,0,0,0,0,0
182,0,0,0,0,0
65,0,0,0,0,0
61,0,0,0,0,0
27,0,0,0,0,0
26,0,0,0,0,0
150,1,0,0,0,1
151,0,1,0,0,0
167,0,0,0,0,0
65,0,0,0,0,0
34,0,0,0,0,0
31,0,0,0,0,0
37,0,0,0,0,0
24,0,0,0,0,0
107,0,0,0,0,0
5,0,0,0,0,0
128,1,0,0,0,0
33,0,0,0,0,0
142,0,1,0,0,1
163,0,0,0,0,1
77,0,0,0,0,0
123,0,0,0,0,0
77,0,0,0,0,0
97,0,0,0,0,0
158,8,0,0,0,1
116,0,0,0,0,0
28,0,0,0,0,0
50,0,0,0,0,0
27,0,0,0,0,0
40,0,0,0,0,0
9,0,0,0,0,0
127,3,2,0,0,0
191,0,3,0,0,0
126,0,1,0,0,0
57,0,0,0,0,0
40,0,0,0,0,0
31,0,0,0,0,0
48,0,0,0,0,0
64,0,0,0,0,0
34,0,0,0,0,0
194,0,0,0,0,0
289,0,0,0,0,0
39,0,0,0,0,0
44,0,0,0,0,0
72,0,0,0,0,0
79,0,0,0,0,0
116,0,1,0,0,0
17,0,2,0,0,0
51,0,0,0,0,0
55,0,0,0,0,0
163,29,2,0,0,0
35,0,0,0,0,0
151,0,2,0,0,1
159,0,1,0,0,1
89,0,0,0,0,0
38,0,0,0,0,0
136,0,0,0,0,0
24,0,0,0,0,0
28,0,1,0,0,0
26,0,0,0,0,0
99,0,0,0,0,0
155,0,2,0,0,0
141,0,0,0,0,0
47,0,0,0,0,0
71,0,0,0,0,0
42,0,0,0,0,0
31,0,0,0,0,0
42,0,0,0,0,0
86,0,0,0,0,0
27,0,0,0,0,0
140,26,3,0,0,0
154,2,0,0,0,1
125,0,0,0,0,0
87,0,0,0,0,0
71,0,0,0,0,0
25,0,0,0,0,0
27,0,0,0,0,0
26,0,0,0,0,0
32,0,0,0,0,0
163,0,0,0,0,1
30,0,0,0,0,0
45,0,0,0,0,0
41,0,0,0,0,0
158,2,1,0,0,1
85,0,2,0,0,0
70,2,1,0,0,1
75,0,0,0,0,0
132,1,0,0,0,1
49,1,0,0,0,0
324,3,0,0,0,0
61,0,0,0,0,0
135,3,1,0,0,1
44,0,0,0,0,0
33,0,0,0,0,0
146,5,2,0,0,1
32,0,0,0,0,0
38,0,0,0,0,0
151,0,1,0,0,1
31,0,0,0,0,0
61,0,0,0,0,0
156,4,0,0,0,0
49,0,0,0,0,0
87,0,0,0,0,0
128,0,0,0,0,0
130,0,0,0,0,0
14,0,0,0,0,0
55,0,0,0,0,0
43,0,0,0,0,0
144,5,2,0,0,1
178,0,0,0,0,0
157,0,0,0,0,1
101,0,0,0,0,0
74,0,0,0,0,0
125,0,0,0,0,0
71,1,0,0,0,0
41,0,0,0,0,0
19,0,0,0,0,0
24,0,0,0,0,0
159,3,0,0,0,1
50,0,0,0,0,0
40,0,2,0,0,0
116,3,0,0,0,1
32,0,0,0,0,0
40,0,0,0,0,0
27,0,0,0,0,0
30,0,0,0,0,0
48,0,0,0,0,0
74,0,0,0,0,0
43,0,0,0,0,0
33,0,1,0,0,0
61,0,0,0,0,0
30,0,0,0,0,0
32,0,0,0,0,0
133,2,0,0,0,0
57,0,0,0,0,0
34,0,0,0,0,0
140,0,0,0,0,0
127,0,0,0,0,0
14,0,0,0,0,0
83,0,0,0,0,0
157,0,0,0,0,0
76,0,0,0,0,0
36,0,0,0,0,0
168,4,0,0,0,1
86,0,0,0,0,0
192,0,0,0,0,0
44,0,0,0,0,0
39,0,0,0,0,0
40,0,0,0,0,0
89,7,0,0,0,0
45,0,2,0,0,0
75,0,0,0,0,0
67,0,0,0,0,0
38,0,0,0,0,0
158,5,1,0,0,1
40,0,1,0,0,0
29,0,1,0,0,0
23,0,0,0,0,0
75,0,0,0,0,0
193,0,0,0,0,0
104,18,0,0,0,0
36,0,0,0,0,0
154,0,0,0,0,1
33,0,0,0,0,0
156,0,0,0,0,0
157,4,0,0,0,1
100,0,0,0,0,0
109,1,0,0,0,0
29,0,0,0,0,0
157,0,1,0,0,1
61,0,0,0,0,0
59,0,0,0,0,0
138,0,0,0,0,0
58,0,1,0,0,0
79,0,0,0,0,0
46,0,0,0,0,0
48,0,0,0,0,0
55,0,0,0,0,0
34,0,0,0,0,0
33,0,0,0,0,0
57,0,0,0,0,0
42,0,0,0,0,0
53,0,0,0,0,0
41,0,0,0,0,0
45,0,0,0,0,0
37,0,1,0,0,0
135,0,1,0,0,0
160,1,0,0,0,0
50,0,0,0,0,0
39,0,0,0,0,0
171,0,0,0,0,0
137,0,0,0,0,0
35,0,0,0,0,0
54,0,0,0,0,0
31,0,0,0,0,0
31,0,0,0,0,0
105,0,0,0,0,0
57,0,0,0,0,0
152,2,0,0,0,1
26,0,0,0,0,0
55,0,0,0,0,0
45,0,1,0,0,0
179,4,1,0,0,1
25,0,0,0,0,0
53,0,0,0,0,0
42,1,0,0,0,0
155,0,1,0,0,0
84,0,0,0,0,0
28,0,0,0,0,0
40,0,0,0,0,0
84,0,0,0,0,0
40,0,2,0,0,0
28,0,0,0,0,0
27,0,0,0,0,0
26,0,0,0,0,0
60,0,0,0,0,0
48,0,0,0,0,0
92,0,1,0,0,0
130,0,1,0,0,0
72,0,0,0,0,0
32,0,0,0,0,0
159,0,0,0,0,1
46,0,0,0,0,0
69,0,0,0,0,0
43,0,0,0,0,0
23,0,0,0,0,0
160,0,3,0,0,0
129,0,0,0,0,0
40,0,0,0,0,0
49,0,0,0,0,0
67,0,0,0,0,0
38,0,0,0,0,0
116,1,0,0,0,1
38,0,0,0,0,0
39,7,0,0,0,0
33,0,0,0,0,0
20,0,0,0,0,0
86,0,0,0,0,0
161,1,1,0,0,0
94,0,0,0,0,0
41,0,0,0,0,0
30,0,0,0,0,0
68,0,0,0,0,0
199,0,0,0,0,1
37,0,0,0,0,0
39,0,0,0,0,0
40,0,0,0,0,0
36,0,0,0,0,0
158,3,3,0,0,1
36,0,0,0,0,0
32,0,0,0,0,0
47,1,0,0,0,0
139,0,2,0,0,0
26,0,0,0,0,0
53,0,0,0,0,0
295,1,0,0,0,0
30,0,0,0,0,0
39,0,0,0,0,0
35,0,0,0,0,0
32,0,0,0,0,0
51,0,0,0,0,0
265,2,0,0,0,0
52,0,0,0,0,0
28,0,0,0,0,0
41,0,0,0,0,0
15,0,0,0,0,1
60,0,0,0,0,0
64,0,0,0,0,0
72,0,0,0,0,0
52,0,0,0,0,0
40,0,0,0,0,0
63,0,0,0,0,0
154,1,0,0,0,0
149,0,0,0,0,1
160,0,2,0,0,0
47,0,0,0,0,0
24,0,0,0,0,0
28,0,0,0,0,0
103,0,0,1,0,1
47,0,0,0,0,0
50,0,0,0,0,0
111,3,2,0,0,1
50,0,0,0,0,0
164,2,0,0,0,0
32,0,0,0,0,0
112,0,0,0,0,0
160,2,1,0,0,1
36,0,0,0,0,0
67,0,0,0,0,0
139,2,1,0,0,1
25,0,0,0,0,0
37,0,0,0,0,0
24,0,0,0,0,0
98,0,0,0,0,0
77,0,1,0,0,0
83,0,0,0,0,0
39,0,0,0,0,0
73,0,0,0,0,0
23,0,0,0,0,0
128,1,1,0,0,0
27,0,0,0,0,0
160,3,0,0,0,1
303,1,0,0,0,0
88,0,2,0,0,1
25,0,0,0,0,0
200,0,0,0,0,0
33,0,0,0,0,0
32,0,0,0,0,0
41,0,0,0,0,0
100,0,0,0,0,0
16,0,0,0,0,0
29,4,0,0,0,0
157,0,0,0,0,1
71,0,0,0,0,0
159,0,3,0,0,0
158,0,0,0,0,1
56,0,1,0,0,0
41,0,0,0,0,0
78,0,0,0,0,0
47,0,0,0,0,0
146,0,0,0,0,0
182,1,2,0,0,0
167,3,1,0,0,0
63,0,0,0,0,0
160,3,0,0,0,1
41,0,0,0,0,0
43,0,0,0,0,0
76,0,0,0,0,0
206,0,0,0,0,0
90,0,0,0,0,0
160,2,1,0,0,1
76,0,0,0,0,0
39,0,0,0,0,0
41,0,0,0,0,0
37,0,0,0,0,0
45,0,2,0,0,0
44,0,0,0,0,0
39,0,0,0,0,0
32,0,0,0,0,0
84,0,0,0,0,0
34,0,0,0,0,0
30,0,0,0,0,0
120,3,0,0,0,1
57,0,0,0,0,0
69,1,0,0,0,0
246,0,0,0,0,0
26,0,0,0,0,0
161,4,0,0,0,0
161,0,0,0,0,0
72,0,0,0,0,0
59,0,0,0,0,0
163,2,0,0,0,1
141,0,0,0,0,0
42,0,0,0,0,0
88,0,0,0,0,0
118,0,0,0,0,0
5,0,0,0,0,0
55,0,0,0,0,0
44,0,0,0,0,0
56,0,0,0,0,0
34,0,0,0,0,0
32,0,1,0,0,0
72,0,0,0,0,0
94,0,0,0,0,0
64,11,2,0,0,0
74,0,0,0,0,0
144,1,1,0,0,0
87,0,0,0,0,0
68,0,0,0,0,0
34,0,1,0,0,0
57,0,0,0,0,0
163,4,1,0,0,1
60,1,0,0,0,0
18,0,0,0,0,0
73,0,0,0,0,0
40,0,0,0,0,0
46,0,0,0,0,0
79,0,0,0,0,0
150,0,0,0,0,0
153,2,2,0,0,1
34,0,0,0,0,0
87,0,1,0,0,0
24,0,0,0,0,0
140,1,1,0,0,1
40,0,0,0,0,0
111,1,1,1,0,1
34,0,0,0,0,0
108,0,2,0,0,1
200,4,0,0,0,0
104,16,3,0,0,0
46,0,0,0,0,0
44,0,0,0,0,0
63,0,0,0,0,0
45,0,0,0,0,0
48,0,0,0,0,0
78,0,0,0,0,0
63,0,0,0,0,0
76,2,0,0,0,0
48,0,0,0,0,0
63,0,0,0,0,0
24,0,0,0,0,0
52,0,0,0,0,0
46,0,0,0,0,0
259,0,0,0,0,0
161,0,0,0,0,0
60,1,0,0,0,0
78,0,0,0,0,0
97,0,0,0,0,0
98,0,0,1,0,1
31,0,0,0,0,0
65,0,0,0,0,0
55,0,0,0,0,0
36,0,0,0,0,0
35,0,0,0,0,0
153,1,1,0,0,1
67,0,0,0,0,0
152,4,0,0,0,1
32,0,0,0,0,0
155,2,1,0,0,1
21,0,0,0,0,0
122,0,1,0,0,1
38,0,0,0,0,0
42,0,0,0,0,0
64,0,0,0,0,0
6,0,0,0,0,0
52,0,0,0,0,0
30,0,0,0,0,0
59,0,0,0,0,0
130,1,0,0,0,1
147,0,0,0,0,1
34,0,0,0,0,0
40,0,0,0,0,0
88,0,3,0,0,0
39,0,0,0,0,0
118,0,0,0,0,0
79,0,0,0,0,0
88,1,1,0,0,1
19,0,0,0,0,0
158,2,0,0,0,0
39,0,0,0,0,0
15,0,0,0,0,0
90,0,0,0,0,0
65,0,0,0,0,0
207,0,3,0,0,0
159,4,1,0,0,1
114,0,1,0,0,0
80,1,0,0,0,0
123,0,0,0,0,0
27,0,0,0,0,0
48,0,0,0,0,0
29,0,0,0,0,0
128,0,0,0,0,0
48,0,0,0,0,0
25,0,0,0,0,0
85,0,0,0,0,0
74,0,0,0,0,0
32,0,1,0,0,0
24,0,0,0,0,0
50,0,0,0,0,0
26,0,0,0,0,0
48,0,0,0,0,0
88,0,0,0,0,0
160,25,1,0,0,0
32,0,0,0,0,0
27,0,0,0,0,0
102,3,1,0,0,1
37,0,0,0,0,0
108,0,0,0,0,0
50,0,0,0,0,0
62,0,1,0,0,0
99,0,1,0,0,0
38,0,0,0,0,0
73,0,0,0,0,0
85,1,1,0,0,0
155,0,0,0,0,0
40,0,0,0,0,0
84,0,0,0,0,0
116,0,1,0,0,1
96,0,0,0,0,0
54,0,0,0,0,0
86,0,0,0,0,0
35,0,0,0,0,0
44,0,0,0,0,0
26,0,0,0,0,0
56,0,0,0,0,0
25,0,0,0,0,0
139,2,1,0,0,1
47,0,0,0,0,0
39,0,0,0,0,0
30,0,0,0,0,0
46,0,1,0,0,0
136,4,1,0,0,1
75,0,0,0,0,0
204,0,0,0,0,0
140,0,1,0,0,0
148,0,0,0,0,1
15,2,0,0,0,0
31,0,0,0,0,0
53,0,0,0,0,0
134,0,0,0,0,0
37,0,0,0,0,0
162,6,2,0,0,1
98,0,0,0,0,0
75,11,4,0,0,0
20,0,0,0,0,1
57,0,0,0,0,0
62,0,0,0,0,0
85,0,0,0,0,0
113,0,0,0,0,0
42,0,0,0,0,0
143,0,0,0,0,0
65,0,1,0,0,1
106,0,0,0,0,0
135,0,0,0,0,0
139,8,0,0,0,1
28,0,0,0,0,0
55,0,0,0,0,0
72,0,0,0,0,0
69,0,1,0,0,0
24,0,0,0,0,0
65,0,0,0,0,0
97,1,4,0,0,1
145,2,0,0,0,1
35,0,0,0,0,0
160,2,1,0,0,1
76,0,0,0,0,0
62,0,0,0,0,0
146,0,0,0,0,0
222,0,0,0,0,0
57,0,0,0,0,0
129,23,2,0,0,0
29,0,0,0,0,0
164,0,1,0,0,0
114,0,0,0,0,0
163,0,0,0,0,1
149,2,1,0,0,1
32,0,0,0,0,0
5,0,0,0,0,0
63,0,0,0,0,0
75,0,1,0,0,1
41,0,0,0,0,0
105,0,0,0,0,0
48,8,0,0,0,0
160,2,2,0,0,1
36,0,0,0,0,0
39,0,0,0,0,0
91,0,0,0,0,0
33,0,0,0,0,0
23,0,0,0,0,0
38,0,0,0,0,0
25,0,0,0,0,0
47,0,0,0,0,0
44,0,0,0,0,0
40,0,1,0,0,0
30,0,0,0,0,0
86,0,0,0,0,0
54,0,2,0,0,0
80,0,0,0,0,0
56,0,2,0,0,0
160,6,1,0,0,1
25,0,0,0,0,0
95,0,0,0,0,0
26,0,1,0,0,0
53,0,0,0,0,0
24,0,0,0,0,0
149,2,1,0,0,1
25,0,0,0,0,0
67,0,0,0,0,0
23,0,1,0,0,0
31,0,0,0,0,0
47,0,0,0,0,1
158,0,0,0,0,1
68,0,0,0,0,0
34,0,0,0,0,0
36,0,0,0,0,0
155,1,0,0,0,0
25,0,0,0,0,0
34,0,0,0,0,0
71,0,0,0,0,0
182,0,0,0,0,0
257,0,0,0,0,0
33,0,0,0,0,0
61,0,0,0,0,0
156,2,0,0,0,1
160,1,2,0,0,1
140,0,0,0,0,0
69,0,0,0,0,0
39,0,0,0,0,0
124,0,3,0,0,0
31,0,0,0,0,0
99,0,0,0,0,0
151,0,1,0,0,1
142,2,0,0,0,1
77,0,2,0,0,0
86,0,0,0,0,0
58,0,0,0,0,0
108,0,1,0,0,1
38,1,0,0,0,0
86,0,0,0,0,0
130,3,0,0,0,0
116,2,1,0,0,1
98,0,0,0,0,0
37,0,0,0,0,0
48,0,0,0,0,0
278,0,0,0,0,0
27,1,1,0,0,0
48,0,0,0,0,0
155,1,0,0,0,0
76,0,0,0,0,0
156,1,1,0,0,1
29,0,0,0,0,0
150,1,1,0,0,1
65,0,0,0,0,0
149,0,0,0,0,0
137,2,0,0,0,1
156,0,0,0,0,0
72,0,0,0,0,0
161,0,0,0,0,0
26,0,1,0,0,0
87,0,0,0,0,0
50,0,0,0,0,0
28,0,0,0,0,0
48,0,0,0,0,0
37,0,0,0,0,0
26,0,0,0,0,0
168,4,0,0,0,1
51,0,0,0,0,0
134,1,0,0,0,1
50,0,0,0,0,0
82,0,0,0,0,0
41,0,0,0,0,0
124,5,0,0,0,1
31,0,0,0,0,0
34,0,0,0,0,0
77,0,0,0,0,0
143,3,1,0,1,1
27,0,0,0,0,0
62,0,1,0,0,0
156,0,0,0,0,0
232,0,0,0,0,0
29,0,0,0,0,0
94,0,0,0,0,0
89,0,0,0,0,0
118,0,1,0,0,0
128,0,1,0,0,0
30,0,0,0,0,0
162,0,0,0,0,0
62,0,0,0,0,0
155,0,1,0,0,0
57,0,0,0,0,0
159,0,2,0,0,1
24,0,0,0,0,0
44,0,0,0,0,0
38,0,0,0,0,0
36,0,0,0,0,0
157,0,0,0,0,0
149,0,1,0,0,0
154,0,2,0,0,1
57,0,0,0,0,0
56,0,0,0,0,0
36,0,0,0,0,0
24,0,0,0,0,0
105,0,2,0,0,0
161,0,3,0,0,0
89,0,0,0,0,0
155,0,0,0,0,0
69,0,0,0,0,0
148,0,0,0,0,1
50,0,1,0,0,0
59,0,0,0,0,0
159,0,0,0,0,0
141,0,0,0,0,0
162,0,0,0,0,1
160,0,0,0,0,0
92,0,0,0,0,0
30,0,0,0,0,0
24,0,0,0,0,0
161,3,2,0,0,1
40,0,0,0,0,0
146,0,0,0,0,1
94,0,0,0,0,0
86,0,0,0,0,0
76,0,0,0,0,0
42,0,0,0,0,0
65,0,0,0,0,0
156,1,1,0,0,1
136,0,0,0,0,0
37,0,0,0,0,0
37,0,0,0,0,0
114,1,0,1,0,1
56,0,0,0,0,0
29,0,0,0,0,0
159,0,1,0,0,1
113,0,0,0,0,0
159,0,2,0,0,0
126,0,0,0,0,0
24,0,0,0,0,0
79,0,0,0,0,0
39,0,0,0,0,0
73,0,0,0,0,0
76,0,0,0,0,0
30,0,0,0,0,0
36,0,0,0,0,0
36,0,0,0,0,0
69,0,0,0,0,0
43,0,0,0,0,0
145,3,1,0,0,1
35,0,0,0,0,0
85,0,0,0,0,0
40,0,0,0,0,0
63,0,1,0,0,0
34,0,0,0,0,0
64,0,0,0,0,0
81,0,0,0,0,0
24,0,0,0,0,0
160,0,0,0,0,0
39,0,0,0,0,0
25,0,0,0,0,0
45,0,0,0,0,0
151,1,0,0,0,1
110,0,0,0,0,0
160,2,1,0,0,1
157,0,0,0,0,1
149,1,1,0,0,1
25,0,0,0,0,0
83,0,0,0,0,0
156,0,0,0,0,0
86,0,0,0,0,0
56,0,0,0,0,0
159,18,2,1,0,1
24,0,0,0,0,0
36,0,0,0,0,0
70,0,0,0,0,0
76,1,1,0,0,0
104,0,0,0,0,0
24,0,0,0,0,0
74,0,0,0,0,1
34,0,0,0,0,0
78,0,0,0,0,0
28,0,0,0,0,0
31,0,0,0,0,0
54,0,0,0,0,0
62,0,0,0,0,0
46,0,0,0,0,0
79,0,0,0,0,0
265,2,0,0,0,0
67,0,0,0,0,0
33,0,0,0,0,0
75,0,1,0,0,0
131,0,1,0,0,0
133,0,0,0,0,0
33,0,0,0,0,0
26,0,0,0,0,0
73,0,0,0,0,0
25,0,0,0,0,0
81,0,0,0,0,0
26,0,0,0,0,0
99,0,0,0,0,0
73,0,0,0,0,0
159,3,0,0,0,1
161,3,0,0,0,1
40,0,0,0,0,0
46,0,0,0,0,0
90,0,0,0,0,0
157,2,1,0,0,0
38,0,0,0,0,0
137,0,4,0,0,1
9,0,0,0,0,0
73,0,0,0,0,0
29,0,0,0,0,0
51,0,0,0,0,0
107,1,0,0,0,1
76,0,0,0,0,1
48,0,0,0,0,0
25,0,0,0,0,0
185,0,0,0,0,0
120,2,0,0,0,0
94,0,0,0,0,0
40,0,0,0,0,0
158,2,0,0,0,1
89,0,3,0,0,0
154,5,2,1,0,1
31,0,0,0,0,0
156,0,0,0,0,0
47,0,0,0,0,0
26,0,0,0,0,0
71,0,0,0,0,0
143,0,0,0,0,0
116,0,0,0,0,0
134,1,0,0,0,0
87,0,0,0,0,0
77,14,0,0,0,0
34,0,0,0,0,0
39,0,0,0,0,0
124,0,0,0,0,0
138,6,0,0,0,1
21,0,0,0,0,0
108,0,0,0,0,0
69,0,0,0,0,0
53,0,0,0,0,0
42,0,0,0,0,0
42,0,0,0,0,0
30,0,0,0,0,0
165,1,2,1,0,1
159,1,3,0,0,1
154,0,0,0,0,0
19,0,0,0,0,0
140,0,0,0,0,0
62,0,0,0,0,0
30,0,0,0,0,0
144,0,0,0,0,0
141,0,0,0,0,0
82,0,0,0,0,0
36,0,1,0,0,0
292,1,0,0,0,0
27,0,0,0,0,0
7,0,0,0,0,0
65,0,0,0,0,0
76,2,0,0,0,1
157,5,1,0,0,1
83,1,0,0,0,1
140,0,0,0,0,1
162,3,1,0,0,1
155,6,0,0,0,0
106,0,0,0,0,0
84,1,0,0,0,0
76,0,0,0,0,0
17,0,0,0,0,0
79,0,1,0,0,0
39,0,0,0,0,0
131,0,2,0,0,0
56,0,0,0,0,0
65,0,1,0,0,0
68,0,0,0,0,0
136,3,1,0,0,1
331,0,0,0,0,0
42,0,0,0,0,0
88,0,0,0,0,0
84,0,0,0,0,0
26,0,0,0,0,0
113,0,0,0,0,0
158,32,1,0,0,0
38,0,0,0,0,0
37,0,0,0,0,0
114,0,1,0,0,0
74,0,0,0,0,0
63,0,0,0,0,0
29,0,0,0,0,0
32,0,0,0,0,0
48,0,0,0,0,0
34,0,0,0,0,0
45,0,0,0,0,0
163,0,2,0,0,1
156,0,0,0,0,0
57,0,0,0,0,0
29,0,0,0,0,0
37,6,0,0,0,0
40,0,0,0,0,0
72,0,0,0,0,0
117,0,1,0,0,0
70,0,0,0,0,0
31,0,0,0,0,0
29,0,0,0,0,0
36,0,0,0,0,0
68,0,0,0,0,0
22,0,0,0,0,0
141,0,2,0,0,0
152,0,0,0,0,0
51,0,0,0,0,0
21,0,0,0,0,0
42,0,0,0,0,0
147,1,0,0,0,1
115,0,0,0,0,0
45,0,0,0,0,0
53,0,0,0,0,0
158,0,0,0,0,0
35,0,0,0,0,0
159,0,0,0,0,0
165,5,2,1,0,1
34,0,0,0,0,0
48,0,0,0,0,0
144,24,0,0,0,0
128,2,1,0,0,1
37,0,0,0,0,0
119,0,3,0,0,0
92,0,0,0,0,0
54,0,0,0,0,0
182,0,0,0,0,0
41,0,0,0,0,0
89,0,0,0,0,0
49,0,0,0,0,0
72,0,0,0,0,0
123,0,0,0,0,0
16,0,0,0,0,0
137,3,0,0,0,1
144,0,0,0,0,0
134,0,1,0,0,1
25,0,0,0,0,0
66,0,0,0,0,0
147,3,0,0,0,1
146,0,0,0,0,1
27,0,0,0,0,0
47,0,0,0,0,0
38,0,0,0,0,0
101,0,0,0,0,0
40,0,0,0,0,0
144,0,0,0,0,0
53,0,0,0,0,0
165,0,1,0,0,0
158,3,0,0,0,1
148,0,0,0,0,0
29,0,0,0,0,0
43,0,1,0,0,0
27,0,0,0,0,0
153,1,1,0,0,0
87,0,0,0,0,0
32,0,0,0,0,0
74,1,0,0,0,1
62,0,5,0,0,0
76,0,0,0,0,0
63,0,0,0,0,0
24,0,0,0,0,0
410,0,0,0,0,0
58,0,0,0,0,0
33,0,0,0,0,0
47,0,0,0,0,0
140,2,0,0,0,0
24,0,0,0,0,0
40,0,0,0,0,0
55,0,0,0,0,0
134,2,0,0,0,1
95,0,0,0,0,0
285,3,0,0,0,0
83,3,0,0,0,1
38,0,0,0,0,0
62,0,0,0,0,0
38,0,0,0,0,0
156,0,0,0,0,0
105,0,0,0,0,0
67,0,0,0,0,0
151,0,0,0,0,0
202,0,1,0,0,0
28,0,0,0,0,0
124,0,0,0,0,0
33,0,0,0,0,0
66,0,0,0,0,0
41,1,0,0,0,0
85,0,0,0,0,0
44,0,0,0,0,0
37,0,0,0,0,0
25,0,0,0,0,0
43,0,0,0,0,0
74,0,0,0,0,0
68,0,0,0,0,0
45,0,0,0,0,0
48,0,0,0,0,0
118,0,0,0,0,0
58,0,0,0,0,0
57,0,2,0,0,0
139,0,1,0,0,1
168,0,0,0,0,0
31,0,0,0,0,0
98,0,0,0,0,0
38,0,0,0,0,0
51,0,0,0,0,0
63,0,0,0,0,0
41,0,0,0,0,0
143,0,0,0,0,0
32,5,0,0,0,0
31,0,0,0,0,0
33,0,1,0,0,0
75,0,0,0,0,0
27,0,0,0,0,0
161,2,0,0,0,1
31,0,0,0,0,0
381,1,0,0,0,0
71,0,0,0,0,0
28,0,0,0,0,0
38,0,0,0,0,0
326,2,1,0,0,0
118,0,0,0,0,0
52,0,0,0,0,0
91,0,0,0,0,0
151,2,0,0,0,1
239,0,0,0,0,0
238,0,0,0,0,0
97,0,0,0,0,0
87,0,0,0,0,0
46,0,0,0,0,0
99,13,0,0,0,0
25,0,0,0,0,0
147,1,0,0,0,0
28,0,0,0,0,0
162,0,0,0,0,0
99,0,0,0,0,0
41,0,0,0,0,0
49,0,0,0,0,1
26,0,0,0,0,0
67,1,1,0,0,1
35,0,2,0,0,0
78,0,0,0,0,0
51,0,0,0,0,0
17,0,0,0,0,0
24,0,0,0,0,0
53,0,0,0,0,0
30,0,0,0,0,0
71,0,0,0,0,0
161,0,0,0,0,0
46,0,0,0,0,0
26,0,0,0,0,0
22,0,0,0,0,0
128,0,0,0,0,0
43,0,0,0,0,0
42,0,0,0,0,0
164,0,0,0,0,0
173,0,1,0,0,0
30,0,0,0,0,0
64,1,1,0,0,0
73,0,0,0,0,0
111,0,0,0,0,0
137,0,0,0,0,0
4,0,0,0,0,0
125,2,2,0,0,1
160,4,0,0,0,1
19,0,0,0,0,0
23,0,0,0,0,0
27,0,0,0,0,0
25,0,0,0,0,0
76,0,0,0,0,0
75,0,0,0,0,1
28,0,0,0,0,0
150,0,0,0,0,0
26,0,0,0,0,0
31,0,0,0,0,0
64,0,0,0,0,0
134,0,0,0,0,0
45,0,0,0,0,0
53,0,0,0,0,1
44,0,0,0,0,0
60,0,0,0,0,0
163,0,2,0,0,1
127,0,0,0,0,0
96,0,0,0,0,0
106,0,0,0,0,0
96,0,0,0,0,0
41,0,0,0,0,0
28,4,0,0,0,0
62,0,0,0,0,0
23,0,0,0,0,0
160,0,0,0,0,0
164,2,1,0,0,1
60,0,0,0,0,0
122,20,2,0,0,0
49,0,0,0,0,0
112,0,0,0,0,0
207,0,0,0,0,0
75,0,0,0,0,0
162,1,0,0,0,1
33,0,2,0,0,0
31,7,0,0,0,0
154,0,2,0,0,0
44,0,0,0,0,0
50,0,0,0,0,0
139,0,0,0,0,0
107,0,1,0,0,0
157,0,1,0,0,0
145,1,0,0,0,1
47,0,0,0,0,0
37,0,0,0,0,0
79,0,0,0,0,0
161,3,0,0,0,0
126,0,0,0,0,0
51,0,0,0,0,0
75,0,0,0,0,0
165,0,1,0,0,0
52,0,0,0,0,0
141,1,0,0,0,0
122,0,0,0,0,0
56,0,0,0,0,0
153,2,0,0,0,0
25,0,0,0,0,0
54,0,0,0,0,0
92,17,0,0,0,0
25,0,0,0,0,0
26,0,0,0,0,0
158,0,0,0,0,0
27,0,0,0,0,0
75,1,0,0,0,0
36,0,0,0,0,0
160,6,1,0,0,0
210,0,0,0,0,0
58,0,0,0,0,0
114,0,0,0,0,0
37,2,0,0,0,0
158,5,1,0,0,1
123,18,1,0,0,0
32,0,0,0,0,0
146,2,2,0,0,1
26,0,0,0,0,0
47,0,0,0,0,0
117,2,0,0,0,1
161,3,1,0,0,1
154,3,1,0,0,1
36,0,0,0,0,0
144,0,0,0,0,0
77,0,0,0,0,0
97,0,1,0,0,0
128,2,0,0,0,1
79,0,0,0,0,0
160,1,0,0,0,1
160,3,0,0,0,1
81,0,0,0,0,0
231,0,0,0,0,0
46,0,0,0,0,0
119,0,0,0,0,0
157,6,3,0,0,1
72,0,1,0,0,0
55,0,0,0,0,0
108,0,0,0,0,0
32,0,0,0,0,0
88,0,0,0,0,0
40,0,0,0,0,0
69,0,0,0,0,0
41,0,0,0,0,0
99,0,0,0,0,0
146,1,1,0,0,1
157,0,2,0,0,0
75,0,0,0,0,0
37,7,2,0,0,0
74,0,0,0,0,0
136,0,0,0,0,0
108,0,2,0,0,0
37,0,0,0,0,0
24,0,0,0,0,0
33,0,0,0,0,0
20,0,0,0,0,0
56,0,0,0,0,0
31,0,0,0,0,0
103,0,0,0,0,0
110,2,1,0,0,1
23,0,0,0,0,0
91,0,0,0,0,0
77,0,0,0,0,0
36,0,0,0,0,0
29,5,0,0,0,0
36,0,1,0,0,0
39,0,0,0,0,0
172,1,0,0,0,0
54,0,0,0,0,0
26,0,0,0,0,0
56,0,0,0,0,0
139,1,1,0,0,1
167,0,0,0,0,1
58,0,0,0,0,0
43,0,0,0,0,0
91,0,0,0,0,0
36,0,0,0,0,0
45,0,0,0,0,0
45,0,0,0,0,0
44,0,0,0,0,0
28,0,0,0,0,0
57,0,0,0,0,0
68,0,0,0,0,0
57,0,0,0,0,0
51,0,0,0,0,0
9,0,0,0,0,0
145,0,1,0,0,1
29,0,0,0,0,0
30,0,0,0,0,0
35,0,0,0,0,0
157,0,0,0,0,1
159,0,3,0,0,0
40,0,0,0,0,0
161,4,0,0,0,0
137,4,3,0,0,0
158,6,1,0,0,1
24,0,0,0,0,0
50,0,0,0,0,0
34,0,0,0,0,0
82,0,0,0,0,0
28,0,0,0,0,0
138,1,1,0,0,1
108,2,0,0,0,0
53,0,0,0,0,0
58,0,0,0,0,0
15,0,0,0,0,0
35,0,0,0,0,0
32,0,0,0,0,0
33,0,0,0,0,0
37,0,0,0,0,0
26,0,0,0,0,0
28,0,0,0,0,0
51,8,0,0,0,0
161,7,3,0,0,0
61,0,0,0,0,0
66,0,0,0,0,0
154,0,0,0,0,1
109,0,0,0,0,0
27,0,0,0,0,0
162,1,1,0,0,1
25,0,0,0,0,0
38,0,0,0,0,0
57,0,0,0,0,0
38,0,0,0,0,0
68,0,0,0,0,0
27,0,0,0,0,0
39,0,0,0,0,0
46,0,0,0,0,0
162,0,0,0,0,0
65,0,0,0,0,0
35,0,0,0,0,0
19,0,0,0,0,0
42,0,0,0,0,0
45,0,0,0,0,0
12,0,0,0,0,0
53,0,0,0,0,0
156,0,0,0,0,0
115,0,0,0,0,0
149,0,0,0,0,0
156,2,3,0,0,1
52,0,0,0,0,0
64,0,0,0,0,0
28,0,0,0,0,0
11,0,0,0,0,0
134,1,2,0,0,1
24,0,0,0,0,0
12,0,0,0,0,0
126,0,0,0,0,0
34,0,0,0,0,0
26,0,0,0,0,0
97,0,0,0,0,0
37,0,0,0,0,0
61,0,0,0,0,0
75,0,0,0,0,0
90,0,0,0,0,0
79,0,0,0,0,0
66,0,1,0,0,0
76,0,0,0,0,0
56,0,0,0,0,0
28,0,0,0,0,0
114,0,0,0,0,0
79,0,0,0,0,0
55,0,0,0,0,0
104,0,0,0,0,0
79,0,0,0,0,0
44,0,0,0,0,0
61,0,0,0,0,0
34,6,2,0,0,0
155,5,0,0,0,1
72,0,0,0,0,0
72,0,0,0,0,0
145,6,0,0,0,1
126,5,0,0,0,0
23,0,0,0,0,0
79,0,0,0,0,0
27,0,0,0,0,0
37,0,0,0,0,0
77,0,0,0,0,0
156,1,0,0,0,1
38,0,0,0,0,0
50,0,0,0,0,0
177,1,0,0,0,0
239,0,0,0,0,0
25,0,0,0,0,0
103,0,0,0,0,0
64,0,0,0,0,0
39,0,0,0,0,0
54,0,0,0,0,0
22,0,0,0,0,0
108,0,1,0,0,1
44,0,0,0,0,0
81,0,0,0,0,0
135,0,2,0,0,0
93,0,2,0,0,0
101,0,0,0,0,0
162,1,1,0,0,1
64,0,0,0,0,0
157,1,3,0,0,1
36,0,0,0,0,0
42,0,0,0,0,0
159,0,3,0,0,0
135,0,0,0,0,0
145,2,1,0,0,1
140,2,0,0,0,1
58,0,0,0,0,0
91,0,0,0,0,0
33,0,1,0,0,0
28,0,0,0,0,0
85,0,0,0,0,0
78,1,0,0,0,0
24,0,0,0,0,0
91,2,0,0,0,1
44,0,0,0,0,0
122,0,1,0,0,0
64,9,2,0,0,0
26,0,0,0,0,0
160,0,0,0,0,0
48,0,0,0,0,0
63,0,0,0,0,0
158,0,1,0,0,0
55,0,0,0,0,0
75,0,0,0,0,0
89,16,0,0,0,0
76,0,0,0,0,0
60,0,0,0,0,0
82,0,0,0,0,0
34,0,0,0,0,0
149,0,2,0,0,0
53,0,1,0,0,0
148,3,0,0,0,1
47,0,0,0,0,0
30,0,0,0,0,0
159,0,0,0,0,0
58,0,0,0,0,0
70,0,0,0,0,0
24,0,0,0,0,0
24,0,0,0,0,0
86,0,0,0,0,0
45,0,0,0,0,0
64,0,0,0,0,0
137,4,0,0,0,1
160,0,1,0,0,1
48,0,0,0,0,0
49,0,0,0,0,0
153,0,0,0,0,0
242,0,0,0,0,0
47,0,0,0,0,0
32,0,0,0,0,0
112,0,0,0,0,0
34,0,0,0,0,0
45,0,0,0,0,0
155,1,1,0,0,1
112,0,0,0,0,0
203,0,0,0,0,0
153,0,0,0,0,0
88,0,0,0,0,0
48,0,0,0,0,0
43,0,0,0,0,0
86,2,0,0,0,0
30,0,0,0,0,0
100,0,0,0,0,0
88,0,0,0,0,0
17,0,0,0,0,0
39,0,0,0,0,0
71,0,0,0,0,1
44,0,1,0,0,0
153,0,0,0,0,1
9,0,0,0,0,0
113,0,0,0,0,0
44,0,0,0,0,0
31,0,0,0,0,0
70,0,0,0,0,0
64,0,0,0,0,0
71,0,0,0,0,0
141,0,0,0,0,0
40,0,0,0,0,0
48,0,0,0,0,0
154,5,2,0,0,1
31,0,0,0,0,0
123,22,0,0,0,0
35,0,1,0,0,0
44,0,0,0,0,0
91,0,0,0,0,0
76,0,0,0,0,0
137,1,1,0,0,1
73,0,0,0,0,0
47,0,0,0,0,0
39,0,0,0,0,0
137,4,1,0,0,1
35,0,0,0,0,0
56,0,0,0,0,0
71,1,0,0,0,0
45,0,0,0,0,0
83,0,0,0,0,0
55,0,0,0,0,0
78,0,0,0,0,0
24,0,0,0,0,0
29,0,0,0,0,0
111,0,0,0,0,0
14,0,0,0,0,0
46,0,2,0,0,0
60,0,2,0,0,0
7,0,0,0,0,0
123,0,0,0,0,0
156,1,0,0,0,0
24,0,0,0,0,0
161,5,0,0,0,1
97,1,4,0,0,1
60,0,0,0,0,0
42,0,0,0,0,0
299,1,2,0,0,0
41,0,0,0,0,0
94,0,0,0,0,0
160,0,0,0,0,0
84,0,0,0,0,0
37,0,0,0,0,0
67,0,0,0,0,0
29,0,2,0,0,0
34,0,0,0,0,0
87,0,1,0,0,0
139,6,0,0,0,1
128,0,0,0,0,0
149,3,2,0,0,1
77,0,0,0,0,0
94,0,0,0,0,0
29,0,0,0,0,0
37,0,0,0,0,0
147,2,1,0,0,0
115,0,0,0,0,0
33,0,0,0,0,0
24,0,0,0,0,0
150,0,0,0,0,1
168,0,0,0,0,0
278,4,2,0,0,0
173,0,0,0,0,0
78,0,0,0,0,0
160,0,0,0,0,0
24,0,0,0,0,0
26,0,0,0,0,0
134,0,0,0,0,1
46,0,0,0,0,0
53,0,0,0,0,0
46,0,0,0,0,0
49,0,0,0,0,0
147,1,2,0,0,1
46,0,0,0,0,0
136,8,1,0,0,1
36,0,0,0,0,0
417,2,0,0,0,0
183,2,1,0,0,1
34,0,0,0,0,0
24,0,0,0,0,0
42,0,0,0,0,0
26,0,0,0,0,0
162,24,0,0,0,0
82,0,0,0,0,0
29,0,0,0,0,0
157,0,1,0,0,1
239,0,0,0,0,0
136,0,5,0,0,0
35,0,0,0,0,0
155,2,1,0,0,1
82,0,0,0,0,0
47,0,0,0,0,0
50,0,0,0,0,0
150,0,0,0,0,0
158,0,0,0,0,0
40,0,0,0,0,0
51,0,0,0,0,0
40,0,0,0,0,0
50,0,0,0,0,0
24,0,1,0,0,0
98,0,1,0,0,0
161,3,2,0,0,1
126,2,0,0,0,1
151,0,1,0,0,0
39,0,0,0,0,0
24,0,0,0,0,0
35,0,0,0,0,0
85,0,0,0,0,0
26,0,0,0,0,0
40,0,0,0,0,0
131,0,1,0,0,0
87,1,0,0,0,0
47,0,0,0,0,0
89,0,0,0,0,0
108,0,0,0,0,0
97,0,0,0,0,0
88,0,2,0,0,0
109,0,0,0,0,0
42,0,0,0,0,0
120,3,2,0,0,1
139,0,0,0,0,1
35,0,0,0,0,0
148,0,1,0,0,0
138,0,0,0,0,0
142,1,0,0,0,1
102,0,2,0,0,0
66,0,0,0,0,0
75,0,0,0,0,0
148,0,1,0,0,0
41,0,0,0,0,0
34,0,0,0,0,0
67,0,0,0,0,0
43,0,0,0,0,0
154,1,0,0,0,0
11,0,0,0,0,0
36,0,0,0,0,0
155,0,0,1,0,1
68,0,0,0,0,0
161,2,1,0,0,1
137,2,0,0,0,1
135,0,2,0,0,0
127,0,0,0,0,0
134,0,0,0,0,0
46,0,1,0,0,0
44,0,0,0,0,0
144,1,0,0,0,0
64,0,0,0,0,0
56,0,0,0,0,0
56,0,2,0,0,0
56,3,0,0,0,0
91,15,1,0,0,0
113,0,0,0,0,0
24,0,0,0,0,0
24,0,0,0,0,0
59,0,0,0,0,0
26,0,0,0,0,0
140,6,0,0,0,1
40,0,0,0,0,0
34,0,0,0,0,0
72,0,0,0,0,0
27,0,0,0,0,0
98,1,2,0,0,0
177,1,0,0,0,1
97,0,3,0,0,0
29,0,0,0,0,0
154,23,0,0,0,0
44,0,0,0,0,0
63,0,0,0,0,0
53,0,0,0,0,0
30,0,0,0,0,0
24,0,0,0,0,0
28,0,0,0,0,0
80,0,0,0,0,0
53,0,0,0,0,0
44,0,0,0,0,0
168,2,0,0,0,1
249,0,0,0,0,0
83,0,1,0,0,0
17,3,0,0,0,0
30,0,0,0,0,0
30,0,0,0,0,0
80,0,0,0,0,0
62,0,0,0,0,0
156,1,0,0,0,1
61,0,0,0,0,0
61,0,0,0,0,0
148,0,1,0,0,0
75,0,0,0,0,0
48,0,0,0,0,0
156,3,1,0,0,1
154,0,1,0,0,0
33,0,1,0,0,0
68,0,0,0,0,0
21,0,0,0,0,0
59,0,0,0,0,0
102,0,0,0,0,0
24,0,0,0,0,0
46,0,0,0,0,0
148,3,0,0,0,1
135,1,1,0,0,1
69,0,0,0,0,0
128,0,0,0,0,1
86,0,0,0,0,0
50,0,0,0,0,0
45,0,0,0,0,0
71,0,1,0,0,0
29,0,0,0,0,0
74,0,0,0,0,0
151,0,1,0,0,1
30,0,0,0,0,0
135,0,0,0,0,0
100,0,0,0,0,0
137,6,0,0,0,1
72,0,0,0,0,0
111,1,2,0,0,1
43,0,0,0,0,0
113,0,0,0,0,0
99,1,0,0,0,0
91,0,0,0,0,0
33,0,0,0,0,0
91,0,0,0,0,0
157,4,0,0,0,0
45,0,0,0,0,0
48,0,0,0,0,0
113,0,1,0,0,0
29,0,0,0,0,0
161,0,0,0,0,1
177,0,2,0,0,0
44,0,0,0,0,0
140,0,0,0,0,0
52,0,0,0,0,0
147,0,0,0,0,1
32,0,0,0,0,0
51,0,0,0,0,0
93,0,0,0,0,0
38,0,0,0,0,0
32,0,0,0,0,0
65,0,0,0,0,0
121,0,0,0,0,0
133,1,0,0,0,1
28,0,0,0,0,0
84,0,0,0,0,0
162,0,0,0,0,1
25,0,0,0,0,0
137,4,1,0,0,1
55,0,0,0,0,0
68,0,0,0,0,0
132,0,0,0,0,1
64,0,0,0,0,0
76,0,0,0,0,0
160,0,0,0,0,1
95,0,0,0,0,0
151,2,0,0,0,0
45,0,0,0,0,0
152,18,1,0,0,0
258,0,1,0,0,0
52,0,0,0,0,0
23,0,0,0,0,0
53,0,0,0,0,0
87,0,0,0,0,0
96,0,0,0,0,0
24,0,0,0,0,0
33,0,0,0,0,0
26,0,0,0,0,0
48,0,0,0,0,0
67,0,0,0,0,0
34,0,0,0,0,0
122,0,0,0,0,0
38,0,0,0,0,0
73,0,0,0,0,0
72,0,0,0,0,0
151,1,1,0,0,1
168,0,0,0,0,0
34,0,0,0,0,0
43,0,1,0,0,0
155,0,0,0,0,1
100,1,0,0,0,0
448,0,0,0,0,0
152,1,0,0,0,0
49,0,1,0,0,0
59,9,0,0,0,0
156,4,0,0,0,0
35,0,0,0,0,0
49,0,0,0,0,1
29,0,0,0,0,0
161,1,2,0,0,1
93,0,0,0,0,0
41,0,0,0,0,0
158,0,0,0,0,1
55,0,1,0,0,0
90,0,0,0,0,0
30,0,0,0,0,0
45,0,0,0,0,0
46,1,1,0,0,1
34,0,0,0,0,0
73,12,0,0,0,0
32,0,0,0,0,0
156,0,0,0,0,0
109,0,0,0,0,0
103,0,0,0,0,0
33,0,0,0,0,0
51,0,1,0,0,0
283,0,1,0,0,0
39,0,0,0,0,0
72,0,0,0,0,0
116,0,0,0,0,0
118,0,0,0,0,0
49,0,0,0,0,0
29,0,0,0,0,0
89,0,0,0,0,0
164,5,1,0,0,1
90,0,0,0,0,0
230,0,0,0,0,0
104,0,0,0,0,0
164,2,1,0,0,1
135,0,0,0,0,0
90,0,0,0,0,0
38,0,0,0,0,0
79,0,1,0,0,0
106,0,1,0,0,0
157,1,0,0,0,1
89,0,0,0,0,0
30,0,0,0,0,0
132,0,0,0,0,0
81,0,0,0,0,0
186,0,0,0,0,0
55,0,0,0,0,0
33,0,0,0,0,0
87,18,0,0,0,0
79,0,0,0,0,0
25,0,0,0,0,0
78,0,0,0,0,0
30,0,0,0,0,0
32,0,0,0,0,0
77,0,1,0,0,0
38,0,0,0,0,0
25,0,0,0,0,0
162,0,1,0,0,1
33,0,0,0,0,0
101,0,0,0,0,0
26,0,0,0,0,0
67,0,1,0,0,0
26,0,0,0,0,0
86,0,0,0,0,0
30,0,0,0,0,0
48,0,0,0,0,0
6,0,0,0,0,0
57,0,0,0,0,0
95,0,0,0,0,0
72,0,0,0,0,0
88,0,0,0,0,0
121,6,3,0,0,1
103,0,0,0,0,0
159,0,3,0,0,0
51,0,0,0,0,0
27,0,0,0,0,0
37,0,0,0,0,0
50,0,0,0,0,0
45,0,0,0,0,0
29,0,0,0,0,0
20,3,0,0,0,0
6,0,0,0,0,0
144,1,0,0,0,1
158,2,0,0,0,1
24,0,0,0,0,0
71,0,0,0,0,0
39,0,0,0,0,0
41,0,0,0,0,0
136,0,0,0,0,0
152,2,0,0,0,1
85,0,1,0,0,0
118,0,0,0,0,0
44,0,0,0,0,0
153,0,2,0,0,1
164,5,1,0,0,1
42,7,0,0,0,0
25,0,0,0,0,0
63,0,0,0,0,0
162,1,0,0,0,1
45,0,0,0,0,0
111,1,1,0,0,0
32,0,0,0,0,0
331,0,0,0,0,0
93,0,0,0,0,0
33,0,0,0,0,0
31,0,0,0,0,0
24,0,0,0,0,0
138,6,0,0,0,1
42,0,0,0,0,0
31,0,0,0,0,0
40,0,0,0,0,0
43,0,0,0,0,0
53,0,0,0,0,0
37,0,0,0,0,0
91,0,0,0,0,0
53,0,0,0,0,0
42,0,0,0,0,0
112,19,1,0,0,0
143,1,2,0,0,0
47,0,0,0,0,0
73,0,1,0,0,0
148,1,1,0,1,1
37,0,0,0,0,0
31,0,0,0,0,0
145,0,0,0,0,0
160,6,1,0,0,1
50,0,0,0,0,0
23,0,0,0,0,0
100,0,0,0,0,0
138,0,0,0,0,0
157,0,1,0,0,1
34,0,0,0,0,0
45,0,0,0,0,0
50,0,0,0,0,0
27,1,0,0,0,0
21,0,0,0,0,0
135,0,2,0,0,0
68,0,0,0,0,0
60,0,1,0,0,0
121,0,0,0,0,0
55,0,0,0,0,0
40,0,0,0,0,0
47,0,0,0,0,0
128,2,1,0,0,1
101,0,1,0,0,0
79,0,0,0,0,0
57,0,0,0,0,0
25,0,0,0,0,0
23,0,0,0,0,0
35,0,1,0,0,0
48,0,0,0,0,0
25,0,0,0,0,0
84,0,0,0,0,0
129,0,0,0,0,0
76,1,1,0,0,0
25,0,0,0,0,0
67,0,0,0,0,0
326,2,1,0,0,0
28,0,0,0,0,0
154,30,0,0,0,0
46,0,0,0,0,0
84,6,0,0,0,0
147,0,0,0,0,1
53,0,0,0,0,0
47,0,0,0,0,0
154,0,1,0,0,0
44,0,0,0,0,0
103,0,1,0,0,0
31,0,0,0,0,0
65,0,0,0,0,0
170,0,0,0,0,0
145,2,1,0,0,1
111,2,1,0,0,0
37,1,0,0,0,0
40,0,0,0,0,0
51,0,0,0,0,0
33,0,0,0,0,0
26,0,0,0,0,0
157,5,2,0,0,1
42,0,0,0,0,0
115,4,1,0,0,0
121,0,0,0,0,0
52,0,2,0,0,0
25,0,0,0,0,0
49,0,0,0,0,0
156,2,1,0,0,1
40,0,0,0,0,0
157,3,0,0,0,1
53,0,0,0,0,0
34,0,0,0,0,0
127,0,0,0,0,0
38,0,0,0,0,0
57,0,0,0,0,0
25,0,0,0,0,0
37,2,0,0,0,0
89,0,0,0,0,0
73,0,0,0,0,0
96,0,0,0,0,0
99,0,1,0,0,0
53,0,0,0,0,0
25,0,0,0,0,0
164,0,0,0,0,0
84,0,1,0,0,0
34,0,0,0,0,0
148,0,0,0,0,0
123,0,0,0,0,0
42,0,0,0,0,0
158,5,1,0,0,1
29,0,0,0,0,0
30,0,0,0,0,0
99,0,0,0,0,0
161,2,0,0,0,0
30,0,0,0,0,0
38,0,0,0,0,0
66,0,0,0,0,0
32,0,0,0,0,0
28,0,1,0,0,0
191,0,0,0,0,0
162,1,0,0,0,0
28,0,0,0,0,0
31,0,0,0,0,0
26,0,0,0,0,0
31,0,0,0,0,0
49,0,0,0,0,0
74,0,0,0,0,0
39,0,0,0,0,0
127,0,1,0,0,0
54,0,0,0,0,0
194,0,0,0,0,0
128,0,0,0,0,0
41,0,0,0,0,0
27,0,0,0,0,0
37,0,1,0,0,0
35,0,0,0,0,0
40,0,1,0,0,0
158,2,0,0,0,1
79,0,0,0,0,0
40,0,0,0,0,0
18,0,0,0,0,0
132,2,3,0,0,0
135,0,0,0,0,0
42,0,0,0,0,0
13,0,0,0,0,0
47,0,0,0,0,0
69,0,0,0,0,0
42,0,2,0,0,0
84,0,0,0,0,0
98,0,0,0,0,0
147,1,0,0,0,0
32,0,0,0,0,0
4,0,0,0,0,0
127,0,1,0,0,0
135,0,0,0,0,0
58,0,0,0,0,0
44,0,0,0,0,0
72,0,0,0,0,0
52,0,0,0,0,0
114,0,0,0,0,1
108,0,1,0,0,1
157,6,1,0,0,1
137,0,0,0,0,0
158,3,1,0,0,1
48,0,0,0,0,0
141,0,0,0,0,1
40,0,0,0,0,0
48,0,0,0,0,0
46,0,0,0,0,0
214,7,0,0,0,0
53,0,0,0,0,0
118,0,0,0,0,0
92,1,0,0,0,1
161,3,0,0,0,1
82,0,0,0,0,0
50,0,0,0,0,0
44,0,0,0,0,1
66,0,0,0,0,0
90,0,0,0,0,0
161,0,0,0,0,0
149,0,0,0,0,0
26,0,0,0,0,0
103,0,1,0,0,0
42,8,2,0,0,0
38,0,0,0,0,0
28,0,0,0,0,0
25,0,0,0,0,0
61,0,0,0,0,0
106,0,1,0,0,0
43,0,0,0,0,0
52,0,0,0,0,0
42,0,0,0,0,0
31,0,0,0,0,0
51,0,0,0,0,0
47,0,0,0,0,0
159,3,1,0,0,0
88,0,0,0,0,0
131,0,2,0,0,0
42,0,0,0,0,0
71,0,0,0,0,0
30,0,0,0,0,0
36,0,0,0,0,0
162,0,0,0,0,0
25,0,0,0,0,0
41,0,0,0,0,0
84,0,0,0,0,0
38,0,0,0,0,0
82,0,0,0,0,0
83,0,0,0,0,0
12,0,0,0,0,0
92,0,0,0,0,0
114,0,3,0,0,0
42,0,0,0,0,0
74,0,0,0,0,0
84,0,0,0,0,0
39,0,0,0,0,0
42,0,0,0,0,0
41,0,0,0,0,0
24,0,0,0,0,0
86,0,0,0,0,0
42,0,0,0,0,0
47,0,1,0,0,0
108,0,1,0,0,1
34,0,0,0,0,0
99,0,1,0,0,0
104,0,0,0,0,0
36,0,0,0,0,0
24,0,1,0,0,0
53,0,0,0,0,0
61,0,0,0,0,0
35,0,0,0,0,0
28,0,0,0,0,0
30,0,0,0,0,0
36,0,0,0,0,0
46,0,0,0,0,0
47,0,0,0,0,0
92,0,0,0,0,0
101,0,1,0,0,0
164,0,0,0,0,1
72,1,0,0,0,0
70,0,0,0,0,0
106,0,1,0,0,0
39,0,0,0,0,0
53,0,0,0,0,0
72,0,2,0,0,1
25,0,0,0,0,0
253,1,0,0,0,0
42,0,0,0,0,0
40,0,0,0,0,0
46,0,0,0,0,0
103,0,0,0,0,0
112,0,0,0,0,1
29,0,0,0,0,0
24,0,0,0,0,0
122,0,0,0,0,0
159,1,2,0,0,1
53,0,0,0,0,0
149,1,1,0,0,1
19,2,0,0,0,0
51,0,0,0,0,0
89,0,1,0,0,0
85,0,0,0,0,1
157,1,0,0,0,1
144,4,2,0,0,1
9,0,0,0,0,0
28,0,0,0,0,0
5,0,0,0,0,0
81,0,0,0,0,0
36,0,0,0,0,0
124,0,0,0,0,0
56,0,0,0,0,0
76,0,1,0,0,0
52,0,0,0,0,0
27,0,0,0,0,0
63,0,0,0,0,0
37,0,1,0,0,0
33,0,0,0,0,0
150,2,0,0,0,1
81,0,0,0,0,0
171,0,0,0,0,0
137,0,0,0,0,0
35,0,0,0,0,0
147,1,0,0,0,1
25,0,0,0,0,0
45,0,0,0,0,0
25,0,0,0,0,0
67,0,0,0,0,0
162,2,0,0,0,1
67,0,0,0,0,0
157,0,1,0,0,0
120,0,0,0,0,0
60,1,0,0,0,0
160,4,0,0,0,1
36,0,0,0,0,0
47,0,0,0,0,0
157,0,0,0,0,0
150,1,1,0,0,1
38,0,0,0,0,0
84,1,0,0,0,0
42,0,0,0,0,0
129,0,0,0,0,0
151,0,2,0,0,0
40,0,0,0,0,0
60,0,0,0,0,0
63,0,0,0,0,0
26,0,0,0,0,0
39,0,0,0,0,0
27,0,0,0,0,0
71,0,0,0,0,0
35,0,0,0,0,0
247,0,0,0,0,0
141,0,0,0,0,0
168,0,0,0,0,0
124,0,0,0,0,0
58,0,0,0,0,0
34,0,0,0,0,0
37,0,0,0,0,0
37,0,0,0,0,0
25,0,0,0,0,0
154,0,1,0,0,1
105,0,0,0,0,0
136,1,1,0,0,1
70,0,0,0,0,0
51,0,0,0,0,0
27,0,0,0,0,0
66,0,0,0,0,0
62,0,0,0,0,0
42,0,0,0,0,0
115,0,0,0,0,0
30,0,0,0,0,0
331,0,0,0,0,0
56,0,0,0,0,0
92,2,1,0,0,1
160,0,0,0,0,0
28,0,0,0,0,0
160,22,0,0,0,1
23,0,0,0,0,0
42,0,0,0,0,0
40,0,0,0,0,0
156,0,0,0,0,0
47,0,0,0,0,0
44,0,0,0,0,0
162,3,1,0,0,1
36,0,0,0,0,0
89,0,0,0,0,0
45,0,0,0,0,0
53,0,0,0,0,0
93,0,0,0,0,0
29,0,0,0,0,0
100,0,0,0,0,0
155,0,0,0,0,0
65,0,0,0,0,0
275,0,0,0,0,0
24,0,0,0,0,0
68,0,0,0,0,0
35,0,0,0,0,0
72,1,0,0,0,0
98,0,0,0,0,0
21,0,0,0,0,0
69,0,0,0,0,0
14,0,0,0,0,0
149,2,0,0,0,1
162,1,1,0,0,1
38,0,0,0,0,0
59,0,0,0,0,0
127,0,0,0,0,0
28,0,0,0,0,0
